"","Bx","By","Bz"
"1",-3.3,2.93,-1.47
"2",-3.29,2.94,-1.54
"3",-1.44,2.2,-0.47
"4",-3.31,3,-1.27
"5",-3.29,2.92,-1.45
"6",-3.3,2.93,-1.45
"7",-3.34,2.94,-1.31
"8",3.5170526590309,-0.791816193301452,0.276833064450307
"9",-3.31,2.98,-1.52
"10",-0.36,1.87,-0.39
"11",1.08,1.24,0.32
"12",2.03,0.87,0.9
"13",2.28,1.3,0.12
"14",2.05,1.44,0.12
"15",2.71,1.12,0.31
"16",2.28,1.38,0.07
"17",1.81,1.42,0.02
"18",0.89,1.49,-0.26
"19",-0.24,0.9,-0.39
"20",-0.71,0.18,-0.93
"21",-1.45,0.94,-1.06
"22",0.68,-0.39,-0.06
"23",0.17,0.02,-0.12
"24",1.3,-0.39,0.28
"25",-0.17,0.1,-0.35
"26",1.35,-0.13,0.73
"27",1.14,1.7,-0.63
"28",1.19,-0.71,0.89
"29",0.32,1.14,-0.3
"30",0.79,-0.52,-0.4
"31",1.23,1.29,-0.54
"32",-0.21,0.83,-0.65
"33",1.47,-1.11,0.22
"34",1.56,0.07,0.26
"35",0.54,-1.55,-0.18
"36",1.88,-0.74,0.49
"37",-1.28,2.22,-0.55
"38",3.02,-0.13,0.91
"39",1.17,-1.25,0.06
"40",-0.28,0.13,-0.53
"41",1.25,-1.47,0.01
"42",0.46,-1.19,-0.33
"43",-1.31,1.18,-0.87
"44",-0.81,0.55,-0.66
"45",-0.69,0.94,-0.5
"46",-0.32,-0.07,-0.3
"47",-0.32,-0.13,-0.3
"48",-0.73,1.04,-0.72
"49",1.16,-0.47,0.46
"50",1.34,-0.66,0.57
"51",1.49,-0.64,0.63
"52",1.84,-1.06,0.71
"53",1.4,-0.92,0.71
"54",1.4,-1.17,1.03
"55",1.69,-1.37,0.9
"56",0.53,-0.47,0.45
"57",-0.79,0.59,-0.12
"58",-0.76,0.54,-0.28
"59",-0.15,0.14,0
"60",0.62,-0.55,0.2
"61",0.33,-0.07,0.28
"62",0.27,-0.17,0.09
"63",1.34,-0.81,0.76
"64",-0.36,0.55,0.07
"65",-1.93,1.76,-0.54
"66",-0.8,0.9,-0.06
"67",-0.24,0.37,0.44
"68",-0.92,0.94,-0.07
"69",0.82,0.68,-0.04
"70",2.43,-1.08,1.28
"71",1.24,-0.54,0.23
"72",0.87,0.64,-0.06
"73",1.12,-0.22,0.26
"74",2.18,-0.26,0.99
"75",2.6,-0.88,1.46
"76",2.37,-0.47,1.12
"77",2.57,-0.41,1.37
"78",2.89,-0.9,1.5
"79",2.79,-1.42,1.65
"80",2.77,-0.58,1.54
"81",3.18,-2.19,2.08
"82",2.19,0.14,1.53
"83",2.08,0.22,1.6
"84",2.87,-1.14,1.7
"85",2.28,0.36,1.26
"86",3.17,-1.83,1.94
"87",3.23,-2.01,2
"88",2.31,0.55,1.06
"89",2.72,-0.48,1.39
"90",2.43,0.78,0.74
"91",2.44,0.68,0.8
"92",2.88,-0.72,1.37
"93",1.42017802769961,0.545530528802699,0.120071638452399
"94",2.36,0.66,0.79
"95",3.51,-1.86,1.96
"96",2.22,0.72,0.97
"97",3.53,-1.82,1.96
"98",4.01863270010968,-2.21083799183406,2.21120433882384
"99",3.59,-2.05,2.05
"100",0.0881697454119146,0.79186230898749,-0.498894222516012
"101",3.66,-1.89,2
"102",3.66,-1.89,2
"103",4.02574390680566,-2.18547254365667,2.28497002273206
"104",3.86,-2.02,2.1
"105",0.836501428713724,0.0718283900794063,0.199249299166372
"106",3.98,-2.25,2.2
"107",3.78509259753919,-2.02751057331889,2.16170451782395
"108",3.99,-2.32,2.2
"109",3.99,-2.32,2.2
"110",3.44975092121665,-0.851433142361033,1.48896805273022
"111",3.99,-2.31,2.24
"112",2.52133359162258,0.69057799048812,0.923196780787942
"113",1.97717935908805,0.802867663999228,0.557305287028595
"114",3.99,-2.3,2.26
"115",3.78016185730114,-2.20834621220516,2.12188646391463
"116",4,-2.36,2.27
"117",4.10609936805977,-2.50919761917913,2.42160878688845
"118",-0.566075235749337,1.24744538733499,-0.0166917282162071
"119",4.02,-2.38,2.28
"120",0.36307079844827,-0.915156499696242,-0.0413512900470516
"121",4.03,-2.35,2.31
"122",4.03,-2.35,2.31
"123",1.64002177654048,0.350497696003616,1.20988132709521
"124",4.05,-2.33,2.35
"125",-0.898916695639465,1.31426943777496,-0.895367737526897
"126",3.40063154708881,-1.35692854535656,0.147926352237253
"127",4.04,-2.33,2.33
"128",1.52761294904011,-0.759115060446124,0.930849086827864
"129",3.85,-2.29,2.21
"130",3.85,-2.29,2.21
"131",3.5760249138991,-1.99594027089721,1.9537259645505
"132",3.74,-2.34,2.2
"133",1.67398756149459,-0.488559112132755,0.713952780298514
"134",2.35638266856458,0.425013442964538,1.13198100466999
"135",3.68,-2.12,1.98
"136",3.86155729550633,-2.3646374226297,2.19492500581092
"137",3.77,-2.23,2.02
"138",3.77,-2.23,2.02
"139",-0.376493484082227,1.11591534550329,-0.226966966362813
"140",3.71,-2.2,2.07
"141",3.42541072606958,-0.70948914449208,1.59780941354898
"142",3.6134621323584,-1.24808371437169,0.057581388960069
"143",3.68,-2.21,2.06
"144",1.00855565306487,-0.408639724915628,0.988581845982305
"145",3.79820406140411,-2.15548907520605,2.0124215534217
"146",3.82,-2.3,1.93
"147",0.777493331885846,-0.204355649015525,0.141830299309357
"148",3.5066498421432,-2.06755631344431,-1.00444489355177
"149",3.89,-2.21,1.93
"150",3.69081671594261,-1.65141688265351,-1.55235780320614
"151",3.73663706473594,-2.1362548212295,2.08091810339073
"152",3.71,-1.51,1.47
"153",1.9892823699952,-0.372088388763803,0.822228738722137
"154",1.07633428255557,0.980170332230179,-0.280022494183815
"155",3.93287337599252,-2.23561549031997,2.27510104236614
"156",3.57,-0.21,0.57
"157",4.26481386974184,-2.39265907935488,2.25394670354166
"158",1.94122679086463,-0.554629415793709,1.16297474857226
"159",3.51,-0.24,0.57
"160",3.38394189343531,-0.945406487531402,1.062852547253
"161",0.946679214565148,-0.750009430814195,0.274204123970792
"162",1.39144596590813,-0.687366089152028,0.631524267358547
"163",3.46,-0.44,0.67
"164",3.45853649376338,-1.48631858829469,0.603230184589776
"165",-1.5208139202964,1.76856872117381,-0.783689331400381
"166",3.52,-0.63,0.82
"167",3.62496211630401,-0.408217083657947,0.629507526144593
"168",2.0102444860767,0.547012710292989,0.978531434688545
"169",3.51,-0.73,0.83
"170",0.0717694750560687,-0.202995052619782,-0.542506015469197
"171",3.51,-0.92,0.98
"172",-0.647348798638295,0.331968593233735,-0.558253758707057
"173",-3.29623074410104,2.98382602712709,-1.40216236091035
"174",3.54,-0.95,0.93
"175",3.83161674374586,-2.0823184400533,2.11004211420506
"176",3.58,-1.16,0.93
"177",1.96805463748914,-0.0621618761548126,1.01551124354691
"178",2.1940538064062,-1.50037363899644,1.03089163137922
"179",3.44,-1.22,0.78
"180",3.55943481710711,-2.05158069883131,2.08892954193508
"181",3.45,-1.2,0.77
"182",3.45,-1.2,0.77
"183",2.16722336517178,0.0371676391965214,1.05012697593481
"184",3.35,-1.16,0.99
"185",2.42869864722185,-0.631926478735031,1.40975914997044
"186",3.37,-1.39,0.83
"187",-0.164455647402184,0.146268450150395,-0.461513161643085
"188",3.41,-1.46,0.81
"189",2.05811573777632,0.883290935267278,0.687639560280949
"190",3.31,-1.49,0.86
"191",4.05456452647429,-2.40246500990736,2.17157048390534
"192",3.2,-1.64,0.92
"193",0.393227304099714,-0.757279629456029,0.183998082836244
"194",3.12,-1.84,0.9
"195",3.23,-1.72,1.02
"196",3.64,-1.66,-1.77
"197",3.5,-1.71,-1.66
"198",3.68,-1.83,-1.29
"199",3.68,-1.83,-1.29
"200",3.55,-1.54,0.01
"201",3.75627772778643,-1.53223131274949,1.01675841698084
"202",3.06,-1.75,-0.84
"203",3.06,-1.75,-0.84
"204",3.60203868005593,-1.84758760788787,-1.15046364389716
"205",3.34,-1.51,0.14
"206",3.80322199284111,-0.983905388287808,1.63908685679264
"207",3.36716323061524,-1.07451613407727,1.42489265520996
"208",3.15,-1.84,-0.7
"209",3.15,-1.84,-0.7
"210",3.6,-1.28,1.15
"211",3.93174576731307,-1.84646263494783,1.490789109607
"212",4.18445349875891,-1.81268168244879,1.33432940395659
"213",2.94,-1.99,-0.6
"214",2.51728266448158,0.785775136498709,0.914473256657126
"215",3.49,-1.3,-2.09
"216",3.56,-1.37,-1.18
"217",3.27,-1.18,-1.79
"218",3.2,-1.73,-1.73
"219",3.38,-1.87,-1.3
"220",3.35,-1.9,-1.3
"221",3.31,-1.96,-0.97
"222",3.46,-1.82,-0.01
"223",3.54,-2,-0.79
"224",2.98,-0.73,-1.49
"225",3.04,-0.8,-1.55
"226",3.28,-2,-0.85
"227",3.48,-1.45,-0.49
"228",3.47,-1.95,-1.24
"229",3.48,-2.02,-0.77
"230",3.28,-1.13,-0.8
"231",3.43,-1.91,-1.3
"232",3.14,-1.11,-1.58
"233",3.43,-1.66,-1.02
"234",3.08,-1.83,0.4
"235",3.29,-1.56,-0.65
"236",3.31,-1.18,-0.75
"237",3.32,-1.51,-0.77
"238",3.36,-1.56,-0.72
"239",3.44,-1.46,-1
"240",3.32,-1.23,-1.34
"241",3.52,-1.7,-0.95
"242",2.96,-0.64,-1.28
"243",2.16,1.4,0.98
"244",1.79,1.65,0.83
"245",2.34,0.87,0.64
"246",3.61,-0.91,1.34
"247",3.91,-1.31,1.23
"248",3.81,-0.56,1.62
"249",3.73,-0.86,1.49
"250",3.58,-1.1,1.89
"251",3.8,-1.53,1.69
"252",3.95,-1.37,1.39
"253",3.91,-1.55,0.56
"254",3.9,-1.16,1.29
"255",4.31,-2.23,0.27
"256",3.84,-1.08,0.64
"257",3.24,-0.52,1.32
"258",3.89,-0.94,1.22
"259",3.58,-0.62,1.25
"260",3.68,-0.69,1.15
"261",2.77,0.59,1.34
"262",3.33,-0.53,0.78
"263",4.23,-1.26,1.95
"264",4.2,-1.5,1.55
"265",4.04,-0.86,1.64
"266",4.13,-1.19,1.87
"267",4.01,-1.22,1.62
"268",3.18,-1.89,2.18
"269",3.39,-1.6,1.33
"270",3.8,-1.8,1.52
"271",4.07,-2.03,1.26
"272",4.39,-2.19,0.61
"273",3.74,-2.32,0.77
"274",3.98,-2.38,0.38
"275",3.48,-1.58,1.54
"276",3.79,-1.57,1.31
"277",3.87,-1.23,1.19
"278",3.66,-0.91,1.54
"279",3.76,-1.16,1.19
"280",4.19,-1.44,1.23
"281",3.46,-1.02,1.56
"282",3.76,-0.71,1.3
"283",4.79,-1.49,0.71
"284",3.81,-1.58,1.1
"285",5.11,-2.2,-0.08
"286",4.98,-2.24,0.03
"287",4.88,-2.14,-0.02
"288",4.36,-1.91,0.88
"289",4.81,-2.08,0.62
"290",4.47,-1.76,1.13
"291",4.33,-2.08,0.78
"292",4.8,-1.99,0.63
"293",4.38,-1.85,1.11
"294",4.55,-1.81,1.01
"295",3.89,-1.61,1.29
"296",4.25,-1.66,0.84
"297",4.56,-2.15,0.8
"298",4.34,-1.68,1.11
"299",3.79,-1.65,1.36
"300",3.51,-1.27,1.85
"301",3.71,-1.48,1.39
"302",3.24,-1.46,1.43
"303",3.44,-1.2,1.87
"304",3.77,-1.45,1.28
"305",3.35,-1.23,1.4
"306",4.12,-1.22,2.18
"307",3.83,-1.26,1.64
"308",3.41,-1.27,1.44
"309",4.30081506932507,-1.67384900535023,1.67692632324445
"310",3.89,-1.49,1.34
"311",3.51,-1.19,1.59
"312",4.43,-1.56,2.03
"313",3.99,-1.42,1.17
"314",3.66,-1.12,1.9
"315",3.87,-1.44,1.78
"316",3.21,-1.42,1.52
"317",3.66,-1.02,2.15
"318",3.48,-1.13,1.9
"319",3.56,-0.79,2.27
"320",3.57,-0.81,2.2
"321",3.4,-1.26,1.27
"322",3.54,-0.89,1.92
"323",4.12,-1.42,2.06
"324",4.04,-1.3,2.02
"325",4.05,-1.43,1.92
"326",3.97,-1.46,1.84
"327",4.28,-1.58,2.09
"328",4.11,-1.64,1.73
"329",3.36,-1.38,1.21
"330",3.43,-1.48,1.04
"331",3.57,-1.54,1.05
"332",3.59,-1.49,1.1
"333",3.57,-1.57,1.17
"334",3.6,-1.57,1.17
"335",3.57,-1.58,1.12
"336",3.42133357741559,-1.54744221935855,1.72491431666308
"337",3.59,-1.54,1.09
"338",3.63,-1.33,1.17
"339",3.38,-1.73,1
"340",3.48,-1.53,1.06
"341",3.48,-1.53,1.06
"342",3.55,-1.21,1.22
"343",3.61,-1.43,1.13
"344",3.7,-1.6,1.1
"345",3.75,-1.52,1.24
"346",3.75,-1.52,1.24
"347",3.78,-1.53,1.15
"348",3.96171765477002,-1.01629181855441,1.18234162616212
"349",3.77,-1.56,1.14
"350",3.73,-1.58,1.2
"351",3.66966342300611,-1.46860158194606,0.783431995031616
"352",3.75,-1.53,1.13
"353",3.81,-1.52,1.01
"354",3.84,-1.5,1.02
"355",3.65,-1.53,1.3
"356",3.6,-1.59,1.43
"357",3.63,-1.64,1.42
"358",3.63,-1.65,1.38
"359",3.67,-1.65,1.28
"360",3.41017979584822,-1.80966141869678,1.65305141950153
"361",3.62,-1.66,1.29
"362",3.57,-1.81,1.76
"363",3.57,-1.8,1.76
"364",3.57,-1.8,1.76
"365",3.65,-1.83,1.67
"366",3.66,-1.87,1.61
"367",3.67,-1.91,1.51
"368",3.63,-1.99,0.99
"369",3.62,-2.02,0.91
"370",3.47,-2.09,0.66
"371",3.35,-2.38,0.42
"372",3.45,-2.17,0.75
"373",3.27,-2.45,0.38
"374",3.04,-2.92,-0.4
"375",3.04,-2.93,-0.31
"376",3.31,-2.58,0.11
"377",2.99,-2.89,-0.53
"378",3.05,-2.76,-0.18
"379",3.01,-2.8,-0.17
"380",2.99,-2.74,-0.26
"381",3.01,-2.78,-0.16
"382",3.03,-2.71,-0.04
"383",2.5,-2.94,-1.55
"384",2.63,-2.78,-1.41
"385",2.91,-2.76,-1.14
"386",2.8,-2.86,-1.11
"387",3.29,-2.66,-0.77
"388",3.01,-3.02,-0.73
"389",3.04,-2.88,-0.86
"390",2.95,-3.04,-0.65
"391",3.35,-2.59,-0.65
"392",3.76,-1.85,-0.93
"393",3.89,-1.8,-1
"394",3.73,-2.21,-0.77
"395",3.43,-2.63,-0.48
"396",3.27,-2.71,-0.57
"397",3.4,-2.54,-0.41
"398",3.21,-2.43,-0.11
"399",3.48,-2.28,-0.63
"400",3.32,-2.49,-0.81
"401",3.36,-2.42,-0.87
"402",3.27,-2.59,-0.93
"403",3.27,-2.67,-0.66
"404",2.98,-2.92,-0.85
"405",3.48,-2.43,-0.6
"406",3.21,-2.73,-0.68
"407",3.36,-2.62,-0.6
"408",3.41,-2.45,-0.63
"409",2.84,-1.92,-2.38
"410",2.74,-1.84,-2.47
"411",2.56,-1.73,-2.15
"412",2.65,-2.3,-2.12
"413",2.98,-1.9,-1.63
"414",2.55,-2.04,-2.61
"415",2.73,-2.18,-2.16
"416",2.73,-2.17,-1.55
"417",2.79,-2.52,-2.04
"418",2.72,-2.41,-1.96
"419",3.26,-2.27,-1.24
"420",3.15,-2.78,-1.01
"421",2.9,-2.65,-1.74
"422",2.62,-2.53,-2.32
"423",2.75,-3.06,-1.78
"424",2.91,-3.3,-1.15
"425",2.83,-3.05,-1.57
"426",2.09,-3.25,-2.49
"427",2.76,-2.64,-1.89
"428",2.47,-2.68,-2.08
"429",2.82,-3.12,-0.95
"430",2.88,-2.99,-0.77
"431",2.74,-3.01,-1.03
"432",1.86,-2.63,-1.75
"433",2.09,-2.81,-1.95
"434",1.55,-2.29,-2.86
"435",0.71,-1.42,-3.11
"436",0.5,-0.88,-3.29
"437",1.91,-2.57,-2.62
"438",1.69,-2.97,-3.09
"439",2.08,-2.53,-3.11
"440",0.88,-1.87,-3.31
"441",0.19,-1.59,-3.32
"442",0.72,-1.87,-3.26
"443",0.62,-1.06,-3.33
"444",0.8,-1.73,-3.34
"445",0.22,-1.06,-3.54
"446",0.41,-1.27,-3.49
"447",1.11,-1.42,-3.54
"448",0.77,-1.77,-3.67
"449",0.08,-1.44,-3.49
"450",0.7,-1.82,-3.52
"451",1.6,-2.24,-3.16
"452",0.17,-1.24,-3.51
"453",0.16,-1.44,-3.52
"454",0.18,-1.3,-3.52
"455",0.46,-1.86,-3.69
"456",0.74,-1.48,-3.46
"457",0.45,-2.12,-3.5
"458",0.49,-2.23,-3.55
"459",1.13,-3.11,-3.44
"460",1.6,-2.71,-3.27
"461",1.01,-2.98,-3.37
"462",0.29,-1.81,-3.53
"463",1.29,-3.09,-3.19
"464",1.24,-3.11,-3.18
"465",0.84,-2.24,-3.31
"466",0.6,-2.24,-3.4
"467",0.36,-1.59,-3.4
"468",0.67,-2.71,-2.81
"469",-0.03,-1.32,-3.22
"470",0.44,-1.52,-3.14
"471",0.35,-1.68,-3.26
"472",0.35,-1.85,-3.01
"473",0.44,-2.15,-3.12
"474",0.59,-2.16,-3.13
"475",0.32,-1.68,-3.45
"476",0.67,-1.72,-3.2
"477",0.37,-1.36,-3.04
"478",1,-1.91,-3.08
"479",0.69,-0.96,-2.76
"480",0.93,-1.21,-2.9
"481",0.86,-1.65,-2.76
"482",0.65,-1.93,-3.5
"483",0.44,-1.54,-3.5
"484",0.51,-2,-3.13
"485",0.24,-2.66,-2.89
"486",0.89,-2.43,-3.2
"487",1.2,-1.88,-3.46
"488",1.01,-1.8,-3.36
"489",0.89,-1.58,-3.52
"490",0.63,-2.34,-3.26
"491",0.37,-2.07,-3.19
"492",0.66,-1.88,-3.29
"493",0.74,-1.73,-3.27
"494",0.49,-1.49,-3.47
"495",0.37,-1.67,-2.99
"496",0.42,-2.08,-3.16
"497",0.94,-1.96,-3.35
"498",0.58,-1.8,-3.32
"499",0.81,-2.08,-3.2
"500",0.73,-1.73,-3.25
"501",0.95,-2.14,-3.22
"502",0.91,-2.24,-3.17
"503",0.5,-2.39,-3.1
"504",0.93,-2.03,-3.09
"505",0.72,-2.02,-3.18
"506",0.79,-1.7,-3.23
"507",0.48,-2.07,-3.12
"508",0.65,-1.91,-3.28
"509",0.27,-1.18,-3.53
"510",0.51,-1.63,-3.32
"511",0.54,-2.69,-2.8
"512",0.68,-2.31,-3
"513",0.98,-2.4,-2.8
"514",0.42,-1.56,-3.32
"515",0.45,-2.07,-2.88
"516",0.29,-1.96,-3.01
"517",0.46,-1.83,-3.07
"518",0.38,-1.88,-3.15
"519",0.54,-1.99,-3.27
"520",0.75,-2.27,-3.16
"521",0.81,-2.13,-3.16
"522",0.99,-2.72,-2.87
"523",1.23,-2.43,-3.06
"524",0.58,-2.51,-2.81
"525",0.42,-1.94,-3.14
"526",0.26,-2,-2.91
"527",-0.25,-2.09,-2.92
"528",-0.5,-1.79,-2.98
"529",1.39,-1.69,-3.4
"530",0.2,-1.79,-3.32
"531",-0.47,-1.85,-2.76
"532",-0.23,-1.38,-3.09
"533",0.18,-2.25,-3.28
"534",0.29,-1.32,-3.2
"535",0.58,-1.85,-3.44
"536",0.02,-1.66,-3.03
"537",0.05,-1.68,-3.23
"538",-0.19,-1.86,-2.98
"539",-0.24,-1.91,-3
"540",-0.25,-1.7,-2.73
"541",-0.13,-1.98,-3.03
"542",0.2,-2.14,-3.08
"543",-0.41,-1.65,-2.87
"544",-0.41,-1.91,-2.98
"545",-0.08,-2.07,-3.12
"546",-0.61,-1.78,-2.82
"547",-0.23,-1.98,-3.04
"548",0.23,-2.09,-3
"549",-0.23,-1.89,-2.94
"550",0.28,-1.87,-2.99
"551",0.453574886339658,-1.87747459152897,-2.89596839644458
"552",0.1,-2.08,-2.8
"553",-0.28,-1.91,-2.89
"554",0.31,-2.31,-2.71
"555",-0.29,-1.71,-3.09
"556",0.0333220959827781,-1.95816764075222,-3.02357007153193
"557",-0.07,-1.79,-3.04
"558",2.14556759949331,-2.57832365924698,-1.77936094077035
"559",-0.03,-1.71,-3.09
"560",-0.25,-1.68,-2.92
"561",0.45,-1.87,-3.09
"562",-0.41,-1.71,-2.89
"563",0.39,-2.15,-2.99
"564",-0.03,-1.43,-3.12
"565",0.24,-1.98,-3.12
"566",-0.38,-1.78,-2.73
"567",0.22,-1.89,-3.04
"568",-0.26,-1.71,-2.79
"569",0.03,-1.93,-3.14
"570",-0.13,-1.55,-2.86
"571",0.73,-2.14,-2.53
"572",-0.02,-1.56,-2.77
"573",1.54,-2.31,-1.83
"574",0.16,-1.76,-2.81
"575",-0.02,-1.97,-3.04
"576",0.17,-1.68,-2.97
"577",-0.29,-1.85,-3.22
"578",0.06,-1.73,-3.04
"579",0.17,-0.92,-3.35
"580",0.05,-1.73,-2.98
"581",-0.86,-1.31,-3.17
"582",0.06,-1.79,-2.98
"583",0.717911138455089,-1.83292419870436,-3.16862257389797
"584",-0.21,-1.69,-2.98
"585",-0.02,-1.69,-2.93
"586",-0.04,-1.73,-2.96
"587",-0.34,-1.71,-2.76
"588",-0.35,-1.71,-2.75
"589",0.07,-1.89,-2.99
"590",-0.55,-1.67,-2.67
"591",3.10102695784564,-2.54303692089346,-1.13999830600347
"592",0.05,-1.79,-3.1
"593",-0.09,-1.51,-2.83
"594",0.64,-1.38,-3.22
"595",0.39,-1.82,-3.11
"596",0,-1.6,-2.83
"597",-0.500358658194017,-1.78418752194386,-2.6806149479187
"598",0.35,-1.72,-3.08
"599",-0.05,-1.74,-2.88
"600",0.388154441869682,-1.13700279971013,-3.25632424598024
"601",0.12,-1.77,-3.05
"602",-0.04,-1.87,-3.03
"603",3.8283751224763,-1.50860096018206,0.681723621977593
"604",0,-1.78,-3.04
"605",-0.02,-1.77,-3.04
"606",2.76449449584118,-2.12733754453961,-1.78547780155011
"607",1.74,-2.21,-1.8
"608",0.21,-1.76,-3.04
"609",0.69,-1.45,-3.18
"610",0.47,-1.67,-3.08
"611",0.15,-1.85,-2.92
"612",4.94299216726561,0.488254785894965,0.293415913165792
"613",0.4,-1.86,-2.91
"614",0.16,-1.85,-2.96
"615",4.81253123304143,-1.30657766336898,-0.701742290295906
"616",0.22,-1.98,-2.87
"617",0.32,-1.77,-2.85
"618",0.32,-1.77,-2.85
"619",-0.16,-2.15,-2.79
"620",4.57345429477741,-1.85827972845622,-0.90484714569585
"621",-0.19,-1.76,-2.93
"622",-0.32,-1.7,-2.95
"623",-0.58,-1.88,-2.79
"624",0.32,-1.7,-3.04
"625",-0.12,-1.52,-3.03
"626",0.398713142082463,-1.63234030894304,-3.05444199912497
"627",-0.37,-1.77,-2.95
"628",0.32,-1.84,-2.96
"629",3.77456327679155,0.0888307964871659,2.06675632944432
"630",2.02,-0.55,0.46
"631",3.12,-0.76,0.66
"632",2.61,-0.29,1
"633",3.81,0.41,2.94
"634",1.69,-0.71,0.05
"635",2.7,-0.29,1.04
"636",3.97,0.31,2.89
"637",3.97,0.3,2.9
"638",0.207090441627116,-1.61931885950795,-3.07522223434067
"639",0.34,-1.29,-3.19
"640",4,0.22,2.87
"641",4,0.22,2.87
"642",5.29202890906108,-0.150960686852913,-0.198627094912402
"643",5.09990918359366,-0.234291607877895,-0.155958254796694
"644",3.81877763771326,-2.35406116544265,-1.46300397477724
"645",3.77,0.49,3.08
"646",4.01,0.2,2.87
"647",3.83299457525259,-1.73194189213468,0.840572804346636
"648",-0.0063408811544949,-1.59825430993501,-3.04208839301365
"649",2.12,-2.68,-1.54
"650",2.24,-2.67,-1.59
"651",4.19988035420025,-0.881099898983063,0.935223163732434
"652",2.69,-1.29,-1.99
"653",4.72709447287157,-1.72545253753514,-0.625115343422023
"654",2.06,-1.44,-2.04
"655",4.06,0.15,2.85
"656",0.04390741126173,-1.49790171171546,-3.07895981531241
"657",2.56,-1.86,-1.53
"658",4.67892063103943,-1.8541579348581,-0.795354452819089
"659",4.66050238603692,-1.68134522193598,-0.828851935550945
"660",3.95,-1.65,0.76
"661",3.26,-0.95,0.73
"662",3.47,0.3,2.14
"663",3.75,0.03,2.08
"664",3.77,0.45,3.01
"665",3.48,0.67,3.05
"666",3.68,-0.5,1.7
"667",3.59,-0.03,2.09
"668",3.4,-0.88,0.74
"669",3.67,0.64,2.96
"670",3.93,0.16,2.73
"671",3.91,0.16,2.74
"672",3.45,0.43,2.85
"673",3.67,0.27,2.77
"674",3.48,0.26,2.79
"675",3.42,-0.96,0.31
"676",3.01,-1.83,-1.12
"677",3.13,-1.25,-0.01
"678",3.28,-1.32,0.04
"679",3.73,-1.61,0.58
"680",3.5,-1.44,0.61
"681",3.94,-1.56,1.2
"682",3.73,-1.28,1.47
"683",3.89,-0.77,2.33
"684",3.97,-0.63,2.26
"685",3.93,-0.91,1.75
"686",3.85,-1.46,1.4
"687",3.64,-1.4,1.18
"688",3.76,-1.33,1.27
"689",3.71,-1.66,0.86
"690",3.54,-1.98,0.39
"691",4.06,-0.83,1.56
"692",4.02,-0.55,1.87
"693",3.81,0.15,2.6
"694",3.77,-0.38,2.06
"695",3.95,-0.66,2.07
"696",4.46,-0.16,2.25
"697",4.41,-0.6,2.24
"698",4.19,-0.98,1.56
"699",3.59,-1.95,0.45
"700",3.97,-1.17,1.3
"701",2.99,-2.87,-0.51
"702",3.75,-1.56,1.07
"703",4.59,-0.37,2.15
"704",3.45,-2.62,-0.31
"705",3.6,-2.11,0.14
"706",4.41,-0.5,2.04
"707",4.30086397728244,-2.63214977855088,-0.214020151306631
"708",3.14,-2.74,-0.72
"709",4.26,-0.91,1.47
"710",4.48,-0.69,2.15
"711",4.69,-0.29,1.87
"712",4.7,-0.29,1.86
"713",4.64,-0.4,1.89
"714",4.61,-0.36,1.86
"715",4.62,-0.33,1.79
"716",4.24,-0.5,1.2
"717",4.21,-0.56,1.3
"718",4.11,-0.58,1.23
"719",4.44,-0.39,1.66
"720",4.44,-0.35,1.82
"721",4.25,-0.39,1.57
"722",4.25,-0.39,1.57
"723",3.33736482787046,-1.75978878831542,0.43116315421637
"724",4.63715309070232,-0.642916524082817,2.76284267482262
"725",3.60471928738698,-0.988695622862151,0.760829850511924
"726",3.20703241618904,-2.73478278000822,-1.461974536309
"727",5.09248444061237,-0.307611005362005,-0.192206535241317
"728",4.19,-0.82,1.2
"729",4.19,-0.78,1.26
"730",3,-2.87,-0.91
"731",2.96,-3.02,-1.26
"732",2.98,-2.92,-1.45
"733",2.94,-2.98,-1.48
"734",2.9,-3.02,-1.41
"735",3.04,-2.95,-1.29
"736",3.89845453275769,0.44011072803887,3.5203859560228
"737",3.01,-3.06,-1.31
"738",3.75,-2.59,-1.24
"739",3.69,-2.5,-1.47
"740",3.87,-2.35,-1.59
"741",3.72,-2.4,-1.55
"742",3.73,-2.45,-1.34
"743",3.52,-2.55,-1.32
"744",3.74,-2.42,-1.39
"745",4.16,-2.28,-1.44
"746",4.27,-2.25,-1.21
"747",4.47,-2.08,-0.95
"748",4.57,-1.81,-0.84
"749",4.42,-2.03,-1
"750",4.46,-2.12,-0.96
"751",4.52,-2.04,-0.92
"752",4.61,-1.8,-0.9
"753",4.7,-1.7,-0.79
"754",4.59,-1.8,-0.91
"755",4.77,-1.64,-0.39
"756",4.75,-1.71,-0.71
"757",4.69,-1.68,-0.84
"758",4.82,-1.32,-0.32
"759",0.105807730597614,-1.60991524542707,-3.05721115901552
"760",4.96,-0.91,-0.39
"761",4.96,-0.83,-0.29
"762",4.83,-1.3,-0.56
"763",4.91,-1.19,-0.56
"764",4.88,-1.13,-0.59
"765",5,-0.43,-0.12
"766",4.84,-1.33,-0.69
"767",4.85,-1.54,-0.79
"768",4.89,-0.96,-0.49
"769",4.84,-1.34,-0.57
"770",4.89,-0.77,-0.38
"771",4.95,0.07,0.34
"772",4.94,-0.33,-0.1
"773",4.92,0.05,0.17
"774",4.94,-0.3,-0.03
"775",4.89,0.17,0.21
"776",4.93,0,0.08
"777",4.92,0.25,0.24
"778",4.89,0.01,0.1
"779",4.96,-0.14,0.1
"780",4.86,0.13,0.13
"781",4.89,0.17,0.11
"782",4.9,-0.04,0.05
"783",4.92,-0.41,0.01
"784",4.98,0.1,0.01
"785",4.96,0.09,0.17
"786",4.97,-0.3,-0.02
"787",4.99,0.02,0.02
"788",4.97,-0.51,-0.32
"789",4.99,0.38,0.32
"790",4.97,-0.34,-0.19
"791",4.85,-0.23,0.1
"792",4.48,0.15,0.37
"793",4.31,-0.13,0.69
"794",4.07,-0.49,0.98
"795",4.11,-0.1,0.69
"796",3.99,-0.5,0.81
"797",3.96,-0.73,0.84
"798",4.08,-0.3,0.67
"799",4.13,-0.05,0.69
"800",4.03,-0.53,0.73
"801",4.19,-0.01,0.8
"802",4.36,-0.12,0.61
"803",4.25,-0.2,0.55
"804",4.13,-0.66,0.47
"805",4.07,-0.94,0.13
"806",3.9,-1.12,0.45
"807",3.72,-1.29,0.81
"808",3.7,-1.02,1.14
"809",3.9,-0.64,1.04
"810",3.98,-0.78,1.14
"811",3.94,-0.26,1.6
"812",3.96,-0.54,1.62
"813",4,-0.28,1.69
"814",3.79,-0.4,1.88
"815",3.82,-0.39,1.79
"816",3.85,-0.15,1.8
"817",4.02,-0.48,1.24
"818",3.75,-0.16,1.86
"819",3.58,-0.4,2.17
"820",3.61,-0.15,2.33
"821",3.69770481924354,0.0447245403959392,1.81955248900542
"822",3.47,0.67,2.05
"823",-1.9878097772694,-2.43740678268978,-2.22181376278695
"824",4.36335103184976,-0.74151581361023,0.317183922812382
"825",4.41356919562485,0.079990964811535,0.993562472458945
"826",3.30081677057958,0.97218351551127,2.06168899126924
"827",2.46825148448611,-2.6258106578965,-1.37468188051979
"828",4.29788904224414,-1.25367136684319,0.23141929697153
"829",4.23771376434091,-0.0277928510671321,1.09252774319945
"830",3.64235903159107,0.215648827687255,2.00403391078775
"831",-0.482155151019531,-2.65497730484499,-2.04997480634854
"832",3.36074037517061,-1.52462377952084,-0.0827305395038468
"833",4.25025061435377,0.543927444251379,1.2508451191125
"834",3.30258555513434,-0.823692230437058,0.621379026343932
"835",4.32704268988152,-0.501638779495805,0.992261170922249
"836",-0.999122740182212,-2.58264207760177,-2.25165319450254
"837",4.35997928425519,0.051349043444994,1.31442339459641
"838",3.73160758129626,-1.17070013537895,0.82745706927018
"839",3.45,0.68,1.99
"840",-1.46473882265537,-2.47646199868073,-2.01056339920492
"841",-1.04736532589826,-2.55283766923396,-2.10202196585151
"842",3.42,0.7,2.01
"843",0.895993851011966,-3.07438602589695,-1.52984073844298
"844",4.2215440405503,-0.0226498909555301,1.137134369213
"845",3.39,0.79,1.99
"846",4.32048587420945,0.642231509764707,1.59923805779662
"847",3.2507722902133,-1.27855619392567,0.0961783315557097
"848",4.37794206581216,0.222000270806552,1.08159721174067
"849",3.39,0.67,2
"850",3.39,0.67,2
"851",3.14470586689542,-1.45877606039401,-0.266574174366452
"852",3.42,0.55,2.11
"853",-1.48351224875169,-1.56599094745274,-1.94564011750563
"854",3.48,0.49,2.12
"855",0.0745362588899441,-3.14436401168574,-2.30316748820508
"856",3.51,0.59,2.01
"857",-1.1718804575115,-2.3600212526528,-1.92131425496739
"858",2.55,-2.7,-1.21
"859",0.85,-3.15,-1.6
"860",0.58,-3.27,-1.79
"861",1.27,-3.09,-1.47
"862",0.71,-3.19,-1.35
"863",1.5,-2.64,-1.26
"864",2.66,-0.65,0.28
"865",3.17,-0.05,1.21
"866",2.51,-0.78,0.47
"867",1.79,-2.66,-1.55
"868",1.55,-2.88,-1.38
"869",1.77,-2.8,-0.92
"870",2.91,-2.58,-0.57
"871",1.9,-2.79,-1.3
"872",1.33,-3,-1.85
"873",1.48,-2.94,-1.7
"874",2.5,-2.74,-1.25
"875",2.15,-2.7,-1.11
"876",2.36,-2.61,-0.98
"877",2.28,-2.88,-1.28
"878",1.66,-2.85,-1.7
"879",-0.17,-2.7,-1.72
"880",-1.12,-2.16,-1.69
"881",-2.45,-1.12,-1.97
"882",-0.44,-2.16,-1.81
"883",-1.83,-2.02,-1.86
"884",-1.7,-2.23,-1.95
"885",-1.55,-2.36,-1.98
"886",-1.92,-2.6,-1.89
"887",-0.43,-2.61,-1.86
"888",-0.44,-2.65,-1.91
"889",-1.96,-2.52,-2.18
"890",0.9,-3,-1.97
"891",-1.98,-2.23,-2.13
"892",-1.71,-2.51,-2.32
"893",-1.52,-2.69,-2.29
"894",-0.6,-2.92,-2.37
"895",-1.21,-2.79,-2.11
"896",-0.77,-2.92,-2.21
"897",-0.37,-3.02,-2.28
"898",-0.18,-3.23,-2.28
"899",-0.19,-3.12,-2.67
"900",0.25,-3.08,-2.29
"901",0.13,-2.92,-2.31
"902",-1.09,-2.58,-2.03
"903",-1.38,-1.53,-1.79
"904",-1.05,-2.4,-1.85
"905",-0.44,-2.58,-1.94
"906",-0.74,-2.49,-2.04
"907",-1.08,-2.37,-2.05
"908",-1.35,-2.35,-2.04
"909",-1.19,-2.31,-2.23
"910",-0.5,-2.67,-2.02
"911",-0.27,-2.7,-2.09
"912",-0.86,-2.53,-2.1
"913",-1.43,-2.2,-1.99
"914",-0.85,-2.69,-2.08
"915",-1.3,-2.35,-2.07
"916",-1.89,-1.64,-1.71
"917",2.76,-0.93,-0.33
"918",2.26,-1.2,-0.49
"919",4.3,0.8,1.53
"920",4.4,0.52,1.4
"921",4.41,0.49,1.24
"922",4.38,0.52,1.31
"923",4.38,0.65,1.29
"924",4.42,0.67,1.24
"925",4.31,0.68,1.52
"926",4.23,0.79,1.59
"927",4.19,0.75,1.52
"928",4.18,0.71,1.47
"929",4.16,0.77,1.46
"930",4.16,0.73,1.59
"931",4.13,0.63,1.77
"932",4.18,0.58,1.64
"933",4.16,0.56,1.58
"934",4.17,0.55,1.54
"935",4.12,0.53,1.53
"936",4.17,0.41,1.31
"937",4.13,0.37,1.4
"938",4.11,0.35,1.49
"939",4.21,0.23,1.26
"940",4.27,0.15,1.26
"941",4.22,0.47,1.22
"942",4.23,0.41,1.29
"943",4.26,0.27,1.32
"944",4.26,0.34,1.31
"945",4.26,0.33,1.32
"946",4.26,0.32,1.3
"947",4.22,0.38,1.33
"948",4.19,0.36,1.22
"949",4.25,0.37,1.01
"950",4.29,0.17,0.81
"951",4.3,-0.03,0.7
"952",4.29,-0.17,0.78
"953",4.32,-0.24,0.73
"954",4.33,-0.18,0.71
"955",4.23,0.16,0.99
"956",4.17,0.37,1.1
"957",4.14,0.35,1.23
"958",4.18,0.32,1.19
"959",4.21,0.33,1.07
"960",4.16,0.4,1.09
"961",4.15,0.49,1.07
"962",4.21,0.66,0.96
"963",4.24,0.61,0.93
"964",4.25,0.57,0.88
"965",4.27,0.32,0.79
"966",4.27,0.24,0.8
"967",4.29,0.21,0.79
"968",4.32,0.03,0.74
"969",4.33,0.11,0.77
"970",4.38,0.06,0.71
"971",4.41,-0.27,0.62
"972",4.41,-0.4,0.64
"973",4.47,-0.22,0.43
"974",4.48,-0.19,0.42
"975",4.4,-0.63,0.6
"976",4.39,-0.7,0.47
"977",4.37,-0.78,0.51
"978",4.34,-0.88,0.48
"979",4.34,-0.85,0.51
"980",4.32,-0.96,0.52
"981",4.43,-0.69,0.54
"982",4.49,-0.26,0.67
"983",4.47,-0.3,0.78
"984",4.47,-0.2,0.91
"985",4.49,0.06,0.8
"986",4.49,-0.32,0.81
"987",4.28,-1.15,0.35
"988",4.37,-0.97,0.43
"989",3.52,-1.93,-0.07
"990",3.58,-1.88,-0.12
"991",3.37,-2.13,-0.13
"992",3.96,-1.51,0.05
"993",4.36,-0.88,0.58
"994",3.81,-1.75,-0.09
"995",3.94,-1.72,-0.24
"996",4.31,-0.89,0.56
"997",3.75,-1.69,0.05
"998",4.11,-1.2,0.3
"999",4.18,-1.09,0.46
"1000",4.25,-0.52,0.86
"1001",3.81,-1.6,0.15
"1002",3.23,-2.37,-0.14
"1003",4.19,-1.48,0.43
"1004",3.82,-1.91,0.16
"1005",4.23,-1.48,-0.06
"1006",4.3,-1.44,-0.15
"1007",3.93,-1.68,-0.59
"1008",3.33,-2.39,-0.72
"1009",3.26,-2.33,-0.7
"1010",3.55,-2.02,-0.8
"1011",3.65,-1.78,-1.04
"1012",3.98,-1.37,-1.2
"1013",3.86,-1.54,-0.92
"1014",4.15,-1.23,-0.82
"1015",3.89,-1.58,-0.65
"1016",4.07,-1.2,-0.65
"1017",3.71,-1.87,-1.06
"1018",3.73,-1.92,-1.01
"1019",3.85,-1.83,-1.09
"1020",3.51,-1.95,-1.23
"1021",3.65,-1.75,-1.23
"1022",3.29,-2.32,-0.91
"1023",3.57,-2.11,-0.85
"1024",3.06,-2.26,-1.27
"1025",3.24,-2.1,-1.25
"1026",3.51,-2.26,-0.59
"1027",2.92,-2.5,-1.15
"1028",3.58,-1.75,-1.14
"1029",3.36,-2,-1.35
"1030",3.36,-2.63,-0.19
"1031",3.23,-2.55,-0.51
"1032",3.39,-2.36,-0.59
"1033",2.96,-2.54,-1.03
"1034",3.33829713516518,-2.70184838120886,0.0572234548507189
"1035",2.28,-3.22,-1.14
"1036",2.36,-3.2,-1.1
"1037",2.36,-3.2,-1.1
"1038",2.37,-3.13,-1.27
"1039",3.01383312500033,-2.62774072273063,-1.00028245945168
"1040",2.59,-3.08,-1.01
"1041",2.79285816493286,-1.99257043243429,-0.0289164093507073
"1042",2.5,-3.12,-1.14
"1043",2.42,-3.13,-1.11
"1044",2.42,-3.13,-1.11
"1045",2.22,-3.25,-1.23
"1046",2.12507654239141,-1.98258860627349,-0.0910463317241326
"1047",2.46,-3.14,-1.11
"1048",3.14,-2.58,-0.39
"1049",3.14,-2.58,-0.39
"1050",3.05,-2.68,-0.46
"1051",3.01,-2.69,-0.86
"1052",3.01,-2.69,-0.86
"1053",3.03,-2.65,-0.98
"1054",3.02,-2.68,-0.95
"1055",3.02,-2.68,-0.95
"1056",3.02,-2.64,-0.97
"1057",2.66659359471194,-2.11106882388484,-0.236836034890631
"1058",3.05,-2.58,-1.08
"1059",3.07,-2.51,-1.11
"1060",3.12,-2.51,-1.03
"1061",3.14,-2.46,-1.06
"1062",3.27,-2.46,-0.78
"1063",3.17,-2.53,-0.82
"1064",2.91,-2.67,-1.25
"1065",2.84,-2.7,-1.24
"1066",2.63,-2.72,-1.63
"1067",2.47,-2.74,-1.81
"1068",2.44,-2.74,-1.81
"1069",2.04059324870625,-1.79297817109305,0.0605717031782123
"1070",2.55,-2.66,-1.81
"1071",2.42,-2.62,-2.03
"1072",2.58,-2.44,-1.76
"1073",2.72,-2.3,-0.85
"1074",2.97,-2.35,-0.01
"1075",3.29,-1.85,1.3
"1076",3.23,-2.26,0.79
"1077",3.32,-2.21,0.88
"1078",3.38,-2.42,0.75
"1079",3.3,-2.66,0.46
"1080",3.37,-2.61,0.22
"1081",3.27,-2.71,0.08
"1082",3.3,-2.75,0.03
"1083",3.19,-2.76,-0.14
"1084",3.16,-2.79,-0.24
"1085",3.28,-2.85,-0.23
"1086",3.26,-2.83,-0.22
"1087",3.31,-2.81,-0.26
"1088",3.26,-2.87,-0.38
"1089",3.24,-2.94,-0.41
"1090",3.19,-2.99,-0.45
"1091",3.29,-2.94,-0.4
"1092",2.94,-2.77,-0.47
"1093",2.85,-2.75,-0.57
"1094",2.75,-2.8,-0.91
"1095",2.64,-2.95,-1.06
"1096",2.69,-2.93,-1.01
"1097",2.68,-2.93,-1
"1098",2.67,-2.87,-0.94
"1099",2.6,-2.83,-0.96
"1100",2.63,-2.76,-0.84
"1101",2.7,-2.71,-0.8
"1102",2.7,-2.75,-0.76
"1103",2.74,-2.73,-0.67
"1104",2.71,-2.63,-0.69
"1105",2.77,-2.52,-0.57
"1106",2.8,-2.48,-0.59
"1107",2.8,-2.46,-0.55
"1108",2.76,-2.48,-0.51
"1109",2.79,-2.43,-0.51
"1110",2.84,-2.54,-0.47
"1111",2.8,-2.55,-0.43
"1112",2.79,-2.48,-0.44
"1113",2.75,-2.46,-0.42
"1114",2.76,-2.47,-0.43
"1115",2.81,-2.47,-0.46
"1116",2.77,-2.49,-0.46
"1117",2.74,-2.4,-0.55
"1118",2.99,-2.6,-0.59
"1119",3.02,-2.66,-0.63
"1120",2.94,-2.63,-0.52
"1121",3,-2.52,-0.52
"1122",3.03,-2.6,-0.54
"1123",2.88,-2.49,-0.53
"1124",2.20335619124965,-1.85731891026664,-0.0538546015742827
"1125",2.74,-2.35,-0.39
"1126",2.75,-2.33,-0.41
"1127",2.75,-2.33,-0.41
"1128",1.95676605838634,-1.94751764781119,-0.118201505920882
"1129",2.74,-2.3,-0.37
"1130",2.74,-2.26,-0.34
"1131",2.78,-2.22,-0.37
"1132",2.75,-2.24,-0.37
"1133",2.73,-2.27,-0.46
"1134",2.78,-2.26,-0.32
"1135",2.84,-2.21,-0.2
"1136",2.85,-2.14,-0.16
"1137",2.91,-2.06,-0.18
"1138",2.73,-1.94,-0.19
"1139",2.64,-1.9,-0.13
"1140",2.75,-1.68,-0.1
"1141",2.36,-2.08,-0.48
"1142",2.74,-1.87,-0.24
"1143",2.99,-2,0.32
"1144",2.6,-2.11,-0.34
"1145",2.87,-2.11,-0.19
"1146",3,-1.95,-0.33
"1147",2.88,-2.08,-0.24
"1148",3.1,-2.06,-0.03
"1149",3.07,-2.15,0.14
"1150",3.04,-2.06,0.14
"1151",3.06,-2.02,0.26
"1152",2.71,-2.05,-0.09
"1153",2.67,-2.09,-0.18
"1154",2.44,-2.21,-0.29
"1155",2.56,-2.11,-0.19
"1156",2.52,-2.11,-0.22
"1157",2.52,-2.13,-0.21
"1158",2.69,-1.87,0.1
"1159",2.77,-1.77,0.24
"1160",2.77,-1.75,0.18
"1161",2.79,-1.69,0.21
"1162",2.78,-1.71,0.09
"1163",2.5,-1.82,-0.11
"1164",2.27,-1.79,-0.04
"1165",2.26,-1.77,0.01
"1166",2.22,-1.9,-0.31
"1167",2.12,-1.86,-0.28
"1168",2.16,-1.83,-0.2
"1169",2.22,-1.86,-0.25
"1170",2.24,-1.87,-0.29
"1171",2.26,-1.92,-0.24
"1172",2.26,-1.95,-0.21
"1173",2.27,-1.9,-0.2
"1174",2.09,-1.89,0.19
"1175",2.08,-1.91,0.19
"1176",2.07,-1.9,0.21
"1177",2.08,-1.87,0.17
"1178",2.08,-1.91,0.24
"1179",2.09,-1.95,0.11
"1180",2.05,-1.86,0.14
"1181",2.07,-1.79,0.09
"1182",2.03,-1.75,0.13
"1183",2.04,-1.75,0.08
"1184",2.04,-1.81,0.04
"1185",2.06,-1.86,-0.07
"1186",2.03,-1.79,-0.03
"1187",2.01,-1.85,-0.09
"1188",2.01,-1.82,-0.07
"1189",1.99,-1.83,-0.08
"1190",2.03,-1.81,-0.09
"1191",1.93,-1.77,-0.18
"1192",1.95,-1.83,-0.1
"1193",2.02,-1.62,-0.25
"1194",1.86,-1.73,-0.21
"1195",1.88,-1.78,-0.15
"1196",1.79,-2.02,0.12
"1197",1.96,-1.91,-0.23
"1198",1.93,-1.95,-0.09
"1199",2.02,-1.91,-0.16
"1200",2.01,-1.93,-0.2
"1201",1.96,-1.95,-0.15
"1202",2.08,-1.93,-0.25
"1203",2.09,-1.95,-0.23
"1204",2.11,-2,-0.23
"1205",2.15,-1.99,-0.22
"1206",2.04,-1.99,-0.16
"1207",1.98,-1.98,-0.03
"1208",1.93,-1.98,0
"1209",1.92,-2.02,0.03
"1210",1.85,-2.06,0.1
"1211",1.75,-2.13,0.12
"1212",1.73,-2.13,-0.05
"1213",1.8,-2.1,0.03
"1214",1.8,-2.12,0.04
"1215",1.77,-2.16,0.03
"1216",1.81,-2.13,0.05
"1217",1.82,-2.12,0.13
"1218",1.78,-2.14,0.17
"1219",1.69,-2.17,0.15
"1220",1.65,-2.27,0.17
"1221",1.66,-2.34,0.16
"1222",1.66,-2.33,0.08
"1223",1.64,-2.38,0.09
"1224",1.54,-2.43,0.09
"1225",1.39,-2.41,0.15
"1226",1.35,-2.39,0.15
"1227",1.29,-2.42,0.16
"1228",1.27,-2.42,0.19
"1229",1.28,-2.4,0.15
"1230",1.35,-2.36,0.11
"1231",1.3,-2.39,0.06
"1232",1.26,-2.39,0.01
"1233",1.25,-2.42,-0.01
"1234",1.33,-2.09,0.3
"1235",1.3,-2.41,0.01
"1236",1.54,-1.76,0.2
"1237",1.55,-1.67,0.27
"1238",1.3,-2.41,0.06
"1239",1.31,-2.46,0.04
"1240",1.42,-2.11,0.39
"1241",1.5,-2.19,0.46
"1242",1.43,-2.42,0.21
"1243",1.41,-2.39,0.19
"1244",1.56,-2.06,0.5
"1245",1.5,-2.3,0.33
"1246",1.4,-2.36,0.37
"1247",1.49,-2.04,0.58
"1248",1.34,-2.07,0.6
"1249",1.5,-1.79,1
"1250",1.51,-1.59,0.85
"1251",1.59,-1.44,0.91
"1252",1.72,-0.93,1.12
"1253",1.62,-0.82,0.92
"1254",1.7,-0.79,0.75
"1255",1.61,-0.52,0.52
"1256",1.69,-0.89,0.84
"1257",1.64,-0.8,0.52
"1258",1.73,-0.76,0.71
"1259",1.78,-0.35,0.6
"1260",1.68,-0.1,0.5
"1261",1.55,-0.44,0.5
"1262",0.96,1.15,-0.43
"1263",1.4,-0.41,0.61
"1264",1.1,-0.93,0.56
"1265",1.18,-1.16,0.63
"1266",1.4,-1.79,0.83
"1267",1.45,-1.42,0.76
"1268",1.24,-1.74,0.71
"1269",1.73,-0.74,0.95
"1270",1.63,-1.21,0.75
"1271",1.71,-1.19,0.88
"1272",1.54,-0.89,0.67
"1273",1.4,-1.49,0.84
"1274",1.41,-0.63,0.49
"1275",1.39,-1.41,1.19
"1276",1.13,-1.09,0.49
"1277",1.26,-0.63,0.62
"1278",1.17,-0.84,0.43
"1279",1.21,-0.86,0.46
"1280",1.19,-0.82,0.42
"1281",1.7,-0.57,1.4
"1282",0.53,-2,0.41
"1283",2.10054401374162,-1.23332506265696,1.63544717599653
"1284",1.55313634821893,-2.14678431229252,0.512884180838517
"1285",1.42,-0.01,0.86
"1286",1.76,-0.6,1.48
"1287",1.3707220133194,-2.26300344105856,0.406342563630501
"1288",1.78432918948638,-2.14646863858388,-0.163209054360984
"1289",1.32949230148593,-2.46032877618933,0.039062338224362
"1290",1.48,-0.1,0.79
"1291",2.07,-1.02,2.13
"1292",0.85,0.13,0.37
"1293",2.03765281855041,-0.907038253909669,2.38531736024689
"1294",1.42346644341132,-2.25239606134952,0.271596811218007
"1295",1.5,-0.06,0.77
"1296",1.92,-0.89,2.03
"1297",2.06840319915181,-1.77246644816136,-0.161119359776744
"1298",1.82405544240539,-2.27208098502783,0.109025989925024
"1299",1.22774062254507,-2.41638730794405,-0.156910534619585
"1300",1.46,0.01,0.72
"1301",1.85,-0.74,1.97
"1302",1.72402876388416,-0.399794972801535,0.66953520242454
"1303",2.13878963061293,0.0679539846315294,1.28731010051537
"1304",1.35866751665289,-0.987587312185676,0.707361822390293
"1305",1.63,-0.22,1.32
"1306",1.87091281367842,-2.26722596153492,0.0276757624282231
"1307",2.22988660663488,-0.977113356285593,1.91529081387716
"1308",0.78,-0.55,0.25
"1309",1.97,-0.86,2.03
"1310",1.1,-0.11,0.79
"1311",1.27,0.1,0.49
"1312",1.66171898387744,-0.458504664930251,0.667764242327137
"1313",0.45,-0.21,0.19
"1314",1.04,-0.26,0.85
"1315",2.21265187692443,-0.93112943060235,2.20978555701328
"1316",1.8301009233773,-1.93452362381967,-0.0390131808863999
"1317",2.03,-0.71,2.1
"1318",2.03,-0.71,2.1
"1319",1.13297121388278,-0.575941121114613,0.178649295977065
"1320",1.87590007015928,-0.490200770602753,1.37648626526847
"1321",2.02,-0.71,2.06
"1322",2.22998443734773,-1.1274594975101,1.84610315392077
"1323",1.30762793488319,-2.55255122684574,-0.169937026115343
"1324",2.02278677312064,-0.452843764147247,1.67036744951677
"1325",2.14,-0.73,2.22
"1326",1.79645454441626,-0.235126450706374,0.874207201846464
"1327",2.03733601328581,-1.24259649791595,1.87696095718599
"1328",2.16,-0.85,2.31
"1329",1.39778865791706,-0.349446166809417,1.30400532405634
"1330",2.49094783234249,-1.10570912038609,2.48612837215274
"1331",2.15,-0.9,2.33
"1332",2.15,-0.9,2.33
"1333",1.85846937767712,-0.605074138366087,1.64120227110275
"1334",1.73932500540569,-1.4280643225808,1.24418246734509
"1335",2.17,-0.87,2.31
"1336",2.3483311767261,-1.16304616051942,1.68879667696206
"1337",1.47874030730697,-2.3582945212788,0.225281035883998
"1338",2.15,-0.98,2.33
"1339",2.29079127651941,-1.01650773108967,1.90991965918352
"1340",2.24943134345216,-1.19332244962195,1.50316605122899
"1341",2.14,-0.98,2.28
"1342",1.33441147863447,-2.41672517311112,0.236981373269186
"1343",2.12,-1.1,2.24
"1344",2.12,-1.1,2.24
"1345",1.5808357181482,-0.895462653153118,0.745813360854366
"1346",2.11,-0.97,2.24
"1347",1.39702385803298,-0.781425931821002,0.586182245580181
"1348",1.33967639065183,-2.04944574809181,1.08342846459017
"1349",2.12,-0.97,2.24
"1350",1.37745620879441,-2.3267919380465,0.302670597846403
"1351",2.16,-0.96,2.31
"1352",2.16,-0.96,2.31
"1353",1.28192115058178,-1.07716881941302,0.543505427899492
"1354",2.13,-1,2.22
"1355",1.92175982960381,-1.06841258420717,2.3427132959692
"1356",2.18,-1,2.25
"1357",2.76,-0.78,1.66
"1358",1.49524603229427,-2.11593661920937,0.428052440486885
"1359",2.47,-0.95,1.94
"1360",1.98804337843412,-1.03344961933754,2.11835612752377
"1361",2.52,-0.79,1.99
"1362",2.14,-1,1.47
"1363",1.99,-1.4,1.52
"1364",1.96,-1.59,1.35
"1365",1.63,-1.84,1.25
"1366",1.97,-1.74,1.24
"1367",1.69,-1.78,1.31
"1368",1.46,-1.96,1.21
"1369",1.66,-1.79,1.35
"1370",1.76,-1.51,1.75
"1371",2.17,-1.08,2.29
"1372",2.29,-1.04,1.83
"1373",2.44,-0.84,1.94
"1374",2.27,-1.15,1.8
"1375",2.48,-0.87,1.95
"1376",2.49,-1.16,1.86
"1377",2.37,-1.17,1.86
"1378",2.31,-1.24,1.87
"1379",2.47,-1.07,1.53
"1380",2.22,-1.31,1.85
"1381",2.15,-1.36,1.57
"1382",2.24,-1.36,1.37
"1383",2.4,-1.2,1.52
"1384",2.28,-1.06,1.71
"1385",2.22,-1.23,1.71
"1386",2.2,-1.17,1.74
"1387",2.1,-1.12,1.83
"1388",1.98,-1.08,1.87
"1389",2.74,-1.03,1.37
"1390",2.82,-0.66,1.56
"1391",2.82,-0.66,1.56
"1392",2.08286777176478,-1.04693602116387,1.99293950740111
"1393",2.6,-0.34,1.91
"1394",1.6867747719428,0.157827971012654,0.763988830188304
"1395",2.57675936272039,-0.914202285380588,1.92285184532892
"1396",2.59,-0.26,1.98
"1397",2.02365673327093,-0.883212561860452,2.69170887343316
"1398",1.70896548001424,-1.53998615569877,1.19143501681545
"1399",1.92062612310961,-1.75461976879857,-0.0744489923886291
"1400",1.34610704887874,-0.913603003496488,0.536597071343124
"1401",2.55,-0.27,2.05
"1402",2.40169486226297,2.47059306515571,-0.750204736039129
"1403",2.09917442122904,2.89762233043412,-1.05465761854307
"1404",4.12,1.96,-0.02
"1405",4.08,1.95,0
"1406",4.02,1.92,-0.07
"1407",4.06,1.95,-0.06
"1408",4.08,1.84,0.02
"1409",4.13,1.8,-0.08
"1410",3.87,1.49,0.31
"1411",4.12,1.85,0
"1412",4.15,1.76,-0.17
"1413",4.19,1.5,-0.59
"1414",4.24,1.59,-0.39
"1415",4,1.33,-0.08
"1416",3.61,0.47,0.53
"1417",4.21,1.38,-0.24
"1418",4.01,1.07,0.07
"1419",3.82,0.99,0.53
"1420",4.23,1.12,0.18
"1421",4.13,1.02,0.26
"1422",4.12,0.94,0.26
"1423",4.39,1.12,-0.01
"1424",4.39,0.93,0
"1425",4.09,0.68,0.29
"1426",4.05,0.54,0.42
"1427",4.17,0.55,0.35
"1428",4.71,0.75,0.11
"1429",4.71,0.61,0.21
"1430",4.77,0.17,0.25
"1431",4.65,0.88,0.06
"1432",4.59,0.69,0.18
"1433",4.38,0.25,0.41
"1434",4.47,0.35,0.47
"1435",4.45,0.22,0.59
"1436",4.37,-0.18,0.74
"1437",3.49,-0.91,1.16
"1438",3.88,-0.72,1.08
"1439",3.71,-0.96,1.14
"1440",3.43,1.71,0.37
"1441",3.28,2.24,-0.22
"1442",3.25,2.3,-0.41
"1443",3.17,2.46,-0.42
"1444",3.25,2.31,-0.37
"1445",3.21,2.28,-0.05
"1446",3.21,2.33,-0.26
"1447",3,2.57,-0.17
"1448",3.13,2.4,-0.3
"1449",3.09,2.31,-0.25
"1450",3.1,2.3,-0.49
"1451",3.18,2.25,-0.48
"1452",3.12,2.35,-0.51
"1453",3.15,2.32,-0.49
"1454",3.08,2.35,-0.49
"1455",2.87,2.48,-0.77
"1456",2.99,2.55,-0.8
"1457",2.9,2.58,-0.94
"1458",2.77,2.44,-0.86
"1459",2.74,2.36,-0.5
"1460",2.7,2.39,-0.61
"1461",2.75,2.46,-0.63
"1462",2.75,2.45,-0.64
"1463",2.72,2.45,-0.73
"1464",2.66,2.54,-0.52
"1465",2.57,2.54,-0.32
"1466",2.4,2.59,0.08
"1467",2.38,2.64,0.05
"1468",2.61,2.51,-0.32
"1469",2.43,2.58,0.27
"1470",2.41,2.62,0.03
"1471",2.31,2.71,-0.36
"1472",2.23,2.76,-0.32
"1473",2.21,2.75,-0.15
"1474",2.25,2.71,-0.27
"1475",2.26,2.71,-0.14
"1476",2.22,2.71,-0.22
"1477",2.13,2.81,-0.29
"1478",2.09,2.8,-0.26
"1479",2.25,2.62,-0.01
"1480",2.33,2.57,0.15
"1481",2.37,2.7,0.06
"1482",2.3,2.72,0.05
"1483",2.26,2.72,0
"1484",2.29,2.59,-0.1
"1485",2.23,2.69,-0.09
"1486",2.07,2.8,-0.42
"1487",2.07,2.78,-0.14
"1488",1.89,2.88,-0.58
"1489",1.87,2.9,-0.57
"1490",1.78,2.88,-0.43
"1491",1.81,3.04,-0.9
"1492",2.16,2.82,-0.77
"1493",2.27,2.46,-0.57
"1494",1.93,2.68,-0.64
"1495",2.17,2.39,-0.91
"1496",2.04,2.67,-0.61
"1497",2.48,2.6,0.02
"1498",1.62476805423995,2.51576971414769,-0.720584618319353
"1499",1.69,3.23,-1.47
"1500",1.66172998870026,1.7388644133084,-0.520466267865315
"1501",1.73,3.2,-1.48
"1502",3.26495834397546,2.23219717168403,-0.264207383343076
"1503",1.76,3.2,-1.46
"1504",1.76,3.2,-1.46
"1505",4.48938611046203,0.152566961084008,0.549727066757135
"1506",1.64,3.2,-1.48
"1507",1.80336999596601,2.74286949467693,-1.12213716667207
"1508",1.55,3.22,-1.44
"1509",1.55,3.22,-1.44
"1510",2.98907013697222,2.31598986361276,-0.258626484696391
"1511",1.69,3.17,-1.42
"1512",2.10340889148959,2.54758009643108,-0.00849517737150624
"1513",1.73,3.15,-1.39
"1514",1.29147701979437,2.85280603324144,-0.396780513427388
"1515",1.62,3.19,-1.25
"1516",1.62,3.19,-1.25
"1517",3.7756440950004,-1.09657264033925,1.10227353635893
"1518",1.73,3.12,-1.32
"1519",2.46599654183015,2.37310866764337,-0.0818267018202243
"1520",1.72,3.3,-1.2
"1521",2.6676027810563,2.67610849188882,0.757646052956799
"1522",1.97951356330457,2.53832843582632,-0.40312943111347
"1523",1.75,3.31,-1.19
"1524",0.99,2.77,-2.06
"1525",1.73,2.82,-1.11
"1526",1.93,2.71,-0.65
"1527",1.98,2.86,-0.87
"1528",1.89,2.71,-0.85
"1529",2.08,2.71,-0.87
"1530",2.08,2.85,-1.06
"1531",2.03,2.46,-1.34
"1532",1.94,2.38,-1.27
"1533",2.11,2.36,-1.39
"1534",1.95,2.92,-0.85
"1535",1.92,3.03,-0.53
"1536",1.93,3.03,-1.12
"1537",2.02,3.03,-0.71
"1538",1.98,3.13,-0.79
"1539",1.8,3.05,-0.63
"1540",1.71,3.08,-0.62
"1541",1.59,3.12,-0.7
"1542",1.35,3.05,-0.74
"1543",1.32,2.99,-0.72
"1544",1.27,3.03,-0.7
"1545",1.66,2.92,-0.22
"1546",1.55,2.62,-0.17
"1547",1.39,2.68,-0.52
"1548",1.63,3.03,-0.33
"1549",1.55,2.83,-0.35
"1550",1.52,2.84,-0.32
"1551",1.27,2.8,-0.4
"1552",1.35,2.65,-0.19
"1553",1.36,2.69,-0.27
"1554",1.23,2.9,-0.09
"1555",1.21,2.9,-0.67
"1556",0.76,3,-0.73
"1557",1.44,2.39,-0.27
"1558",0.91,2.82,-0.4
"1559",1.29,2.51,-0.28
"1560",0.25,2.64,-1.12
"1561",0.34,2.38,-1.11
"1562",0.25,2.25,-1.01
"1563",1.82,2.72,-0.02
"1564",1.64,2.22,-0.77
"1565",1.59,1.89,-0.62
"1566",1.73,2.15,-0.02
"1567",2.09,2.3,0.8
"1568",1.86,2.35,0.85
"1569",1.92,2.49,-0.26
"1570",2.28917673243764,2.60759175746287,0.886963664651041
"1571",2.21,2.24,-1.02
"1572",2.3,2.5,-0.98
"1573",2.48,2.54,-1.19
"1574",2.64,2.81,-1.3
"1575",2.67,3.02,-0.38
"1576",2.53,3.19,-0.52
"1577",3.07,2.85,0.54
"1578",2.93,2.61,0.94
"1579",2.8,2.59,0.87
"1580",2.8,2.52,1.05
"1581",2.52,2.86,0.59
"1582",2.48,2.68,0.81
"1583",2.5,2.6,0.85
"1584",2.46,2.66,0.87
"1585",2.42,2.68,0.75
"1586",2.46,2.75,0.91
"1587",2.38,2.9,1.12
"1588",2.44,2.89,1.05
"1589",2.3,2.91,0.92
"1590",2.4,2.83,0.96
"1591",2.46,2.75,0.95
"1592",2.43,2.77,0.95
"1593",2.42,2.76,0.99
"1594",2.43,2.71,1.04
"1595",2.45,2.69,1.07
"1596",2.45,2.67,1.07
"1597",2.42,2.66,1.08
"1598",2.52,2.69,0.97
"1599",2.52,2.63,1.15
"1600",2.48,2.56,1.25
"1601",2.53,2.6,1.24
"1602",2.43,2.69,1.31
"1603",2.45,2.68,1.29
"1604",2.6,2.61,1.22
"1605",2.44,2.67,1.26
"1606",2.49,2.67,1.27
"1607",2.5,2.71,1.14
"1608",2.52,2.69,1.16
"1609",2.52,2.72,1.19
"1610",2.53,2.75,1.13
"1611",2.62,2.76,1.28
"1612",2.62,2.81,1.32
"1613",2.5,2.79,1.43
"1614",2.58,2.68,1.56
"1615",2.56,2.65,1.5
"1616",2.62,2.61,1.59
"1617",2.66,2.58,1.49
"1618",2.69,2.54,1.46
"1619",2.72,2.37,1.48
"1620",2.73,2.33,1.43
"1621",2.72,2.34,1.32
"1622",2.62,2.5,1.44
"1623",2.54,2.53,1.44
"1624",2.36,2.6,1.6
"1625",2.24,2.75,1.47
"1626",2.49,2.56,1.5
"1627",2.56,2.54,1.49
"1628",2.55,2.49,1.54
"1629",2.61,2.32,1.8
"1630",2.5,2.14,2.06
"1631",2.52,2.47,1.8
"1632",2.57,2.59,1.4
"1633",2.5,2.63,1.4
"1634",2.38,2.7,1.33
"1635",2.28,2.78,1.3
"1636",2.38,2.69,1.19
"1637",2.47,2.64,1.32
"1638",2.47,2.64,1.32
"1639",2.4,2.56,1.5
"1640",2.49,2.55,1.34
"1641",3.16897287214608,-0.49144181224016,1.82596263040419
"1642",2.57,2.54,1.25
"1643",2.51,2.61,1.21
"1644",2.51,2.61,1.21
"1645",2.55,2.57,1.25
"1646",2.9160439427482,0.428767895092061,1.97189560770518
"1647",2.57,2.51,1.31
"1648",2.61,2.45,1.32
"1649",2.61,2.45,1.32
"1650",2.64,2.4,1.42
"1651",3.36657651645353,-0.610516343811997,1.73162815894044
"1652",2.67,2.37,1.52
"1653",2.67408967992296,-1.16704528506086,1.73308108050736
"1654",2.68,2.33,1.54
"1655",3.11774982349106,0.0346480490446016,1.85052649705504
"1656",2.7,2.23,1.55
"1657",3.5122648122656,-0.677593030772075,1.57927129612224
"1658",2.65,2.22,1.46
"1659",2.65,2.22,1.46
"1660",3.41860102512215,-0.348035691152119,1.69734830782327
"1661",2.66,2.14,1.44
"1662",3.37,0.19,2.09
"1663",3.09,0.4,1.9
"1664",2.97,1.17,1.73
"1665",2.65,2.13,1.7
"1666",2.93,1.93,1.59
"1667",3.04,1.72,1.62
"1668",3.07,1.36,1.67
"1669",2.95,1.66,1.51
"1670",3.04,1.59,1.41
"1671",3.27,0.37,1.87
"1672",3.35,-0.03,1.93
"1673",3.33,-0.07,2.01
"1674",3.4,-0.5,2.15
"1675",3.53,-0.42,2.11
"1676",3.62,-0.26,2.01
"1677",3.52,-0.03,2.2
"1678",3.52,-0.03,2.2
"1679",3.53,-0.33,2.23
"1680",3,1.44,1.75
"1681",3.44,-0.68,2.3
"1682",3.48,-0.61,2.22
"1683",3.56,-0.59,2.24
"1684",3.56,-0.59,2.24
"1685",3.56,-0.61,2.23
"1686",3.58,-0.55,2.22
"1687",3.58,-0.55,2.22
"1688",3.62,-0.61,2.15
"1689",2.5542210006202,2.41155094446949,1.57992353650008
"1690",3.2,0.93,1.87
"1691",3.54,-0.46,2.14
"1692",0.273503263709836,-2.90451183449983,-0.162792630619418
"1693",3.55,-0.15,1.97
"1694",3.27,0.51,1.79
"1695",2.60289668997248,2.75265874362929,1.30942925760373
"1696",3.48,-0.37,1.82
"1697",3.4,-0.23,1.53
"1698",3.4,-0.23,1.53
"1699",3.38,-0.21,1.46
"1700",3.41737929347965,-0.286443981207705,2.06794313207981
"1701",3.23,-0.19,1.62
"1702",3.4299131312162,0.398328898107594,2.01469206162559
"1703",3.25,-0.19,1.61
"1704",3.26,-0.19,1.57
"1705",3.13,0.93,2.25
"1706",3.15,0.72,2.22
"1707",2.73,0.32,2.37
"1708",2.95,0.04,2.19
"1709",2.56,-0.12,2.45
"1710",2.6,-0.23,2.12
"1711",2.88,-0.05,2.11
"1712",3.37,0.46,2.11
"1713",2.68,-0.04,2.19
"1714",2.67,0.19,2.29
"1715",2.85,-0.19,2.13
"1716",3.16,0,2.04
"1717",3.26,0.04,2.07
"1718",2.51,-0.57,2.07
"1719",3.18,-0.06,1.86
"1720",2.8,-0.47,1.84
"1721",2.56,-0.55,1.89
"1722",1.7,-1.16,2.18
"1723",2.42,-0.7,1.94
"1724",2.38,-0.68,1.9
"1725",2.53,-0.58,1.7
"1726",3.45,-0.29,1.35
"1727",3.52,-0.33,1.27
"1728",2.04,-1.09,1.71
"1729",3.2,0.49,1.89
"1730",3.02,0.4,1.71
"1731",2.72,-0.16,1.99
"1732",2.58,0.16,2.15
"1733",2.86,1.08,2.32
"1734",2.93,0.6,2.2
"1735",2.93,1.04,2.34
"1736",2.89,1.01,2.34
"1737",2.97,0.53,2.25
"1738",3.03,0.17,1.77
"1739",3.05,-0.37,1.41
"1740",3.01,-0.05,1.6
"1741",2.98,-0.14,1.63
"1742",3.43,-0.61,0.99
"1743",3,-0.01,1.64
"1744",3.05,0.1,1.33
"1745",3.21,-0.95,1.09
"1746",3,-0.21,1.62
"1747",3.3,-0.94,0.95
"1748",3.2,-0.74,1.13
"1749",3.3,-1,0.65
"1750",3,-0.16,1.29
"1751",3.17,-1.04,0.7
"1752",2.92,-0.16,1.46
"1753",3.07,-0.95,1.02
"1754",3.2,-1.04,0.63
"1755",3.16,-0.8,1.09
"1756",3.31,-0.86,0.43
"1757",2.99,0.01,1.7
"1758",3.01,-0.01,1.34
"1759",2.9,0.42,1.98
"1760",3.27,-0.77,0.7
"1761",3.42,-0.75,-0.01
"1762",3.29,-0.69,0.7
"1763",3.19,-0.46,0.59
"1764",3.37,-0.73,-0.01
"1765",3.28,-0.93,-0.31
"1766",2.92,-0.11,1.14
"1767",2.8,-0.29,1.67
"1768",2.92,-0.18,1.89
"1769",2.79,0.59,2.36
"1770",2.95,-0.87,1.61
"1771",3.01,-0.42,1.8
"1772",3.11,-0.56,1.7
"1773",2.86,0.21,2.16
"1774",2.77,0.43,2.33
"1775",3.02,-0.24,2.03
"1776",2.99,-0.12,1.7
"1777",2.88,-0.22,1.79
"1778",2.88,0.09,2.04
"1779",3.34,-0.74,1.58
"1780",3.04,-0.1,2.03
"1781",2.91,0.18,2.21
"1782",2.74,0.05,2.17
"1783",2.9,-0.08,2.04
"1784",3.28,-0.67,1.91
"1785",2.86,0.46,1.98
"1786",3.27,-0.78,1.88
"1787",3.03,-0.67,2.08
"1788",3.08,-0.63,1.97
"1789",2.48,-1.66,1.61
"1790",1.32,-1.93,0.26
"1791",0.37,-2.13,-0.32
"1792",-0.5,-2.6,-0.83
"1793",-0.86,-2.72,-1.06
"1794",0.46,-2.71,-0.24
"1795",0.44,-2.66,-0.15
"1796",0.73,-2.5,0
"1797",0.18,-2.78,-0.29
"1798",0.8,-2.39,0.18
"1799",-0.57,-3.02,-0.63
"1800",-0.44,-2.97,-0.6
"1801",1.02,-2.16,0.29
"1802",1.17,-2.06,0.31
"1803",2.48,-1.52,1.1
"1804",-0.83,-2.67,-0.9
"1805",-1.16,-2.91,-1.22
"1806",-0.78,-3.17,-0.87
"1807",-0.87,-3.09,-0.98
"1808",-1.02,-3.03,-1.24
"1809",-0.94,-3.16,-1.18
"1810",-0.91,-3.2,-0.93
"1811",-0.82,-3.16,-0.82
"1812",-0.91,-3.15,-0.89
"1813",-1.08,-3.15,-1.02
"1814",-1.35,-3.16,-1.24
"1815",-1.39,-3.17,-1.27
"1816",-1.49,-3.08,-1.38
"1817",-1.31,-3.28,-1.13
"1818",-1.25,-3.26,-1.16
"1819",-1.26,-3.34,-1.09
"1820",-1.23,-3.03,-1.01
"1821",-1.26,-3.12,-0.77
"1822",-1.13,-2.8,-0.62
"1823",-1.76,-2.88,-1.69
"1824",-1.02106759510105,-3.00450090722792,-1.70390058536042
"1825",0.838006249537653,-4.15067517699131,-0.325844980594266
"1826",-1.22533085790614,-3.10885531296179,-1.11834649607153
"1827",2.55073520475228,-3.3798359363013,1.13703735138759
"1828",1.28251881810349,-2.92411605937381,-0.407252576584126
"1829",-1.64911528625708,-2.08237950952004,-1.55206246109587
"1830",-1.3784636202132,-3.1194803341701,-1.89803556492303
"1831",-1.64,-3.06,-1.1
"1832",-1.13143535811704,-3.13487279132334,-1.86506296816051
"1833",-0.92199254145441,-3.2852511912283,-0.68347748633521
"1834",-1.34288012693148,-2.98042813398119,-1.47671890477517
"1835",1.52957960544876,-4.70753048202229,0.581399798517561
"1836",0.969472747763076,-5.36835035547342,-0.256605156954639
"1837",-1.65,-2.96,-1.04
"1838",-1.64128107535286,-2.4132424598096,-2.01804737413302
"1839",2.82806820225009,-2.78217797608993,1.46257722640545
"1840",1.22569099649946,-4.93035381224703,-0.2289375572231
"1841",2.02073698055987,-4.24005516731948,0.738544770350901
"1842",4.09451195081998,-2.21844248873776,1.82411448551259
"1843",-2.30410264412995,-0.706534701681748,-2.0722777810646
"1844",-1.81,-3.06,-1.01
"1845",-1.81,-3.06,-1.01
"1846",-2.42732956191521,1.94181917827933,-2.06222023081498
"1847",-2.31620874089193,-0.488985729397494,-2.13290628482588
"1848",0.84,-2.91,0.12
"1849",-2.7,-0.92,-2.53
"1850",-2.06,-1.68,-1.92
"1851",-2.13,-1.67,-2.01
"1852",-2.08,-1.87,-1.97
"1853",-2.77,-0.05,-2.4
"1854",-2.49,-0.37,-2.5
"1855",-2.33,-1.61,-1.94
"1856",-2.14,-1.58,-1.93
"1857",-1.59,-2.33,-1.85
"1858",-1.09,-2.66,-1.65
"1859",-1.18,-2.65,-1.75
"1860",-1.19,-2.88,-1.48
"1861",-1.31,-2.53,-1.76
"1862",-1.25,-3,-1.86
"1863",-0.66,-2.79,-1.37
"1864",-1.59,-2.42,-1.94
"1865",-1.17,-2.8,-1.56
"1866",-1.45,-2.55,-1.77
"1867",-1.6,-2.81,-1.89
"1868",-1.41,-2.55,-1.81
"1869",-1.11,-2.43,-1.7
"1870",-1.61,-2.4,-2.14
"1871",-2.52,-1.14,-2.01
"1872",-1.72,-2.47,-2.26
"1873",-1.98,-2.08,-2.34
"1874",-1.67,-2.6,-2.29
"1875",-2.07,-2.12,-2.15
"1876",-2.75,-1,-2.24
"1877",-2.66,-0.89,-2.44
"1878",-2.95,-0.73,-1.94
"1879",-2.84,-0.56,-2.03
"1880",-2.85,-0.87,-2.04
"1881",-2.59,-1.03,-2.53
"1882",-1.82,-1.82,-2.16
"1883",-2.09,-1,-2.22
"1884",-2.74,0.86,-2.27
"1885",-1.56,-2.51,-2.27
"1886",-2.77,0.91,-2.26
"1887",-1.44,-2.85,-2.25
"1888",-2.12,-0.89,-2.25
"1889",-2.76,1.06,-2.21
"1890",-2.2,-0.45,-2.16
"1891",-2.54,1.16,-2.13
"1892",1.37037631682825,-3.78584764374774,-0.289054359520837
"1893",-2.42,1.55,-2.06
"1894",1.69327503361778,-3.68494298305175,0.568960173411107
"1895",-1.98,-0.33,-2.1
"1896",-2.17,2.4,-1.95
"1897",-2.0724458257715,2.10584385857556,-1.70410196008854
"1898",-1.28149404317489,-2.34552688883452,-1.70986948626649
"1899",2.73281569876571,-3.14690973400554,1.16404595062509
"1900",-2.61777860672388,1.28670429710151,-2.13075088594056
"1901",-2.64,1.18,-1.98
"1902",-0.768660389452656,-3.13968829041043,-1.97113039775016
"1903",-1.41868209339995,-2.43867270501645,-2.24686943102135
"1904",-2.18,2.37,-1.66
"1905",-2.16,2.23,-2.18
"1906",-2.17,2.33,-2.28
"1907",-2.1,2.57,-1.98
"1908",-1.21,3.63,-1.07
"1909",-2.09,2.7,-1.96
"1910",-3.18,-0.47,-2.02
"1911",-2.55,-0.4,-2.64
"1912",-2.44,-1.13,-2.58
"1913",-1.3,-2.85,-2.14
"1914",-0.98,-4.2,-2.04
"1915",-0.45,-4.46,-1.74
"1916",-0.47,-4.2,-1.99
"1917",-0.6,-3.84,-2.37
"1918",-0.6,-3.88,-2.21
"1919",-0.69,-3.86,-2.13
"1920",-0.69,-3.68,-2.16
"1921",-0.96,-3.58,-2.07
"1922",-0.94,-3.53,-2.1
"1923",-1.19,-2.83,-2.3
"1924",-1.5,-2.2,-2.57
"1925",-0.93,-3.03,-2.09
"1926",-1.23,-2.65,-2.36
"1927",-1.14,-2.9,-2.29
"1928",-1,-3.42,-2.17
"1929",-0.72,-3.39,-1.99
"1930",-1.4142479914926,-3.22239835046316,-0.656149503356653
"1931",-0.85,-3.49,-2.12
"1932",-0.81,-3.39,-1.78
"1933",-0.99,-3.45,-2.17
"1934",-0.83,-3.38,-1.79
"1935",-0.83,-3.38,-1.79
"1936",-0.9,-3.41,-1.79
"1937",-0.76,-3.37,-1.95
"1938",-0.76,-3.35,-1.98
"1939",-0.7,-3.33,-2.02
"1940",-0.69,-3.44,-1.75
"1941",-0.83,-3.48,-1.92
"1942",-0.62,-3.4,-1.83
"1943",-0.56,-3.41,-1.91
"1944",-0.7,-3.37,-2.03
"1945",-0.58,-3.57,-1.66
"1946",-1.25,-2.88,-1.78
"1947",-1.53,-2.46,-2.35
"1948",-1.14,-2.77,-2.14
"1949",-1.2,-3.02,-1.82
"1950",-1.24,-2.95,-1.93
"1951",-1.39,-2.53,-1.81
"1952",-0.83,-2.98,-1.56
"1953",-1.5,-2.18,-1.92
"1954",0.72,-4.57,-0.38
"1955",0.95,-4.54,-0.27
"1956",1.26,-4.28,0.15
"1957",1.19,-4.38,-0.19
"1958",1.02,-4.32,-0.06
"1959",1.1,-4.41,0.09
"1960",1.39,-4.25,0.1
"1961",1.53,-4.2,0.43
"1962",1.77,-4.21,0.7
"1963",1.33,-4.32,0.49
"1964",1.2,-4.33,0.39
"1965",1.32,-4.21,0.32
"1966",1.27,-4.17,0.1
"1967",1.33,-4.08,0.15
"1968",1.77,-3.78,0.25
"1969",0.97,-3.48,-0.61
"1970",1.86,-3.72,0.13
"1971",1.41,-3.85,0.08
"1972",1.69,-3.76,-0.04
"1973",0.32,-3.01,-0.89
"1974",1.67,-3.95,0.35
"1975",2.42,-3.37,1.13
"1976",2.46,-3.33,1.13
"1977",2.54,-3.13,1.18
"1978",2.39,-3.28,1
"1979",2.18,-3.32,0.79
"1980",2.55,-3.16,1.11
"1981",3.02,-2.62,1.52
"1982",3,-2.77,1.42
"1983",3.17,-2.43,1.68
"1984",3.12,-2.51,1.66
"1985",3.15,-2.38,1.85
"1986",3.27,-2.54,1.77
"1987",3.28,-2.73,1.77
"1988",3.26,-2.78,1.54
"1989",3.26,-2.77,1.51
"1990",3.26,-2.75,1.64
"1991",3.35,-2.81,1.54
"1992",3.35,-2.85,1.45
"1993",3.46,-2.77,1.42
"1994",3.56,-2.66,1.4
"1995",3.55,-2.62,1.58
"1996",3.55,-2.61,1.75
"1997",3.62,-2.51,1.89
"1998",3.69,-1.56,2.04
"1999",3.81,-1.58,2.07
"2000",3.74,-1.03,2.08
"2001",3.82,-1.51,2.06
"2002",3.74,-1.35,2.03
"2003",3.76,-1.31,2.06
"2004",3.84,-1.58,2.08
"2005",3.69,-1.48,2.03
"2006",3.62,-1.06,2.09
"2007",3.7,-2.13,1.93
"2008",3.65,-2.26,1.86
"2009",0.201088183973499,-1.27915060226377,-1.09326884220395
"2010",2.42181874180246,-2.67707133847243,0.841645832025796
"2011",-0.604009639411745,-2.01458692656751,-1.53976015886432
"2012",3.23410301108293,-1.24458867539085,1.81637533114255
"2013",1.79969576726164,-1.55738102958595,0.30183425129517
"2014",1.69361808386213,-1.48088940107573,0.293899862341555
"2015",3.32,-1.78,1.51
"2016",2.92,-1.74,1.47
"2017",3.23,-1.3,1.64
"2018",3.18,0.43,2.13
"2019",2.99,0.23,1.84
"2020",3.39,-0.79,1.56
"2021",2.94,-2.93,0.98
"2022",3.1,-2.79,0.98
"2023",3.07,-2.59,1.07
"2024",2.36,-3.49,0.71
"2025",2.4,-3.39,0.82
"2026",2.85,-2.89,0.92
"2027",2.95,-2.6,0.98
"2028",2.8,-2.8,0.78
"2029",2.7,-2.92,0.64
"2030",2.39,-3.18,0.46
"2031",2.4,-3.29,0.41
"2032",2.35,-3.2,0.69
"2033",2.2,-3.35,0.57
"2034",2.14,-3.39,0.48
"2035",1.56,-3.8,0.39
"2036",1.7,-3.6,0.45
"2037",1.77,-3.54,0.38
"2038",1.67,-3.38,0.48
"2039",2.02,-3.33,0.47
"2040",2.18,-3.33,0.54
"2041",2.32,-3.1,0.7
"2042",2.36,-2.96,0.65
"2043",2.47,-2.81,0.71
"2044",2.43,-2.83,0.7
"2045",2.56,-2.75,0.71
"2046",2.55,-2.77,0.73
"2047",2.6,-2.61,0.79
"2048",2.54,-2.72,0.75
"2049",2.44,-2.89,0.7
"2050",2.53,-2.93,0.7
"2051",2.48,-2.99,0.71
"2052",2.41,-3,0.71
"2053",2.42,-3.03,0.7
"2054",2.42,-3.02,0.73
"2055",2.36,-3.07,0.66
"2056",2.3,-3.09,0.66
"2057",2.31,-3.1,0.71
"2058",2.49,-2.3,1.01
"2059",2.51,-2.56,0.98
"2060",2.48,-2.41,1.01
"2061",2.55,-2.43,1.07
"2062",2.7,-1.48,1.52
"2063",2.77,-0.9,1.61
"2064",2.78,-0.83,1.46
"2065",2.81,-0.85,1.54
"2066",2.86,-0.64,1.62
"2067",2.86,-0.67,1.6
"2068",2.86,-1.12,1.73
"2069",2.92,-1.35,1.31
"2070",3.1,-1.47,1.3
"2071",2.91,-1.51,1.05
"2072",2.84,-1.45,1.07
"2073",-1.61814675701792,-1.43757474708444,-2.21088244781209
"2074",2.92,-1.43,1.15
"2075",0.13,-1.41,-0.88
"2076",-1.86,-1.27,-2.28
"2077",-1.86,-1.47,-2.18
"2078",1.05,-1.42,-0.16
"2079",2.75,-1.37,1.02
"2080",1.43498426777822,-1.71779017299516,0.133224098363021
"2081",2.30478982340277,-3.06586182428039,0.846830997200202
"2082",-1.55,-2.01,-1.9
"2083",2.86,-1.33,1.37
"2084",3.62975537634061,-2.17255735525488,1.91641491496178
"2085",-0.0148848530553042,-1.20928062515778,-1.54999125029148
"2086",2.32372452752789,-0.997031843305004,0.859406330524756
"2087",0.427663657472311,-1.45239583702568,-0.510730176520348
"2088",-1.4948708727162,-1.44657023749894,-1.97415335302382
"2089",2.50885936368634,-3.15393352248568,0.671935971827985
"2090",3.12427807092226,-1.05864010446288,1.57594724264364
"2091",2.83,-1.29,1.49
"2092",2.83212040432337,-2.99196923880004,0.834016756782778
"2093",3.1604615248998,-1.37272917555814,1.4613549073045
"2094",3.1118308978733,-0.945647282282374,1.8727821973657
"2095",0.455347849799701,-1.65307779949058,-0.573057688379727
"2096",-1.79,-1.43,-2.23
"2097",-1.73,-1.46,-2.27
"2098",-1.74,-1.48,-2.32
"2099",-1.05,-1.26,-1.75
"2100",-0.82,-1.18,-1.43
"2101",1.32,-1.48,0.07
"2102",1.87,-1.49,0.38
"2103",1.6,-1.24,0.32
"2104",2.09,-1.44,0.69
"2105",0.57,-1.2,-0.46
"2106",0.48,-1.55,-0.54
"2107",0.25,-1.73,-0.67
"2108",0.53,-1.73,-0.38
"2109",0.51,-1.9,-0.69
"2110",0.16,-1.58,-0.78
"2111",-0.87,-1.74,-1.39
"2112",1.68,-1.06,0.7
"2113",2.86,-1.18,1.69
"2114",2.88,-1.15,1.67
"2115",2.1,-1.07,0.94
"2116",2.05,-0.96,0.75
"2117",2.98,-1.21,1.63
"2118",2.91,-1.19,1.65
"2119",2.9,-1.18,1.61
"2120",-1.5,-1.5,-1.9
"2121",-1.43,-1.64,-1.75
"2122",2.8272227618531,-1.20562191033162,1.25534394375068
"2123",-0.137903521672934,-2.52729192042722,-1.33488798910469
"2124",-1.42,-1.58,-1.87
"2125",-1.22,-1.77,-1.85
"2126",-1.12,-1.87,-1.81
"2127",-1.15,-1.92,-1.8
"2128",-1.16,-1.81,-1.8
"2129",-0.96,-1.88,-1.61
"2130",-0.74,-2.15,-1.54
"2131",-0.74,-2.15,-1.54
"2132",-0.46,-2.25,-1.59
"2133",-0.54,-2.25,-1.48
"2134",-0.54,-2.25,-1.48
"2135",-0.39,-2.35,-1.36
"2136",2.09706004359042,-1.65324710221408,0.736063269129745
"2137",-0.29,-2.37,-1.3
"2138",-0.3,-2.33,-1.35
"2139",-0.41,-1.9,-1.32
"2140",-0.3,-2.08,-1.29
"2141",-0.12,-2.14,-1.09
"2142",-0.04,-2.17,-1.09
"2143",-0.1,-2.06,-1.09
"2144",0.73,-1.97,-0.4
"2145",1.34,-1.91,-0.15
"2146",1.37,-1.88,-0.13
"2147",2.09,-1.58,0.46
"2148",2.11,-1.45,0.32
"2149",2.03,-1.38,0.29
"2150",2.28,-1.23,0.46
"2151",1.83,-1.48,0.3
"2152",0.77,-1.4,-0.16
"2153",0.21,-1.88,-0.87
"2154",1.04,-1.3,-0.1
"2155",2.11,-0.83,1.04
"2156",2.15,-0.81,1.1
"2157",1.39,-1.58,0.05
"2158",1.23,-1.83,-0.57
"2159",1.74,-0.78,0.51
"2160",0.52,-1.69,-0.68
"2161",0.61,-2.03,-0.75
"2162",0.36,-2,-0.94
"2163",0.05,-1.67,-0.9
"2164",-0.01,-1.89,-0.98
"2165",1.03,-1.79,-0.09
"2166",1.33,-1.57,0.15
"2167",1.05,-1.88,-0.14
"2168",1.77,-1.21,0.53
"2169",1.36,-1.64,0.27
"2170",1.34,-1.03,0.61
"2171",-0.05,-1.35,-0.97
"2172",-0.11,-1.32,-0.86
"2173",-0.61,-0.76,-1.49
"2174",-0.11,-1.19,-1.24
"2175",0.44,-1.62,-0.4
"2176",0.06,-1.76,-0.61
"2177",0.09,-1.62,-0.7
"2178",0.22,-1.54,-0.83
"2179",0.07,-1.25,-1.21
"2180",0.23,-1.46,-0.81
"2181",0.23,-1.33,-0.98
"2182",0.36,-1.52,-0.76
"2183",-0.03,-1.44,-1.47
"2184",-0.44,-1.23,-1.68
"2185",-0.02,-1.22,-1.16
"2186",0.48,-1.19,-0.55
"2187",-0.21,-1.03,-1.69
"2188",-0.64,-0.3,-2.1
"2189",-0.69,-0.26,-1.99
"2190",-0.49,-0.1,-1.94
"2191",-0.38,-0.04,-2.06
"2192",-0.45,-0.14,-1.93
"2193",1.37456248203888,-1.36714837275702,0.155330952447483
"2194",-1.05798624286887,-1.85589635727004,-1.81599339349383
"2195",-0.31,-0.35,-2.04
"2196",3.38356143073882,-1.86753156006702,1.64892225449728
"2197",-0.16,-0.87,-2.04
"2198",2.14660129989218,-3.71418304867908,0.42540155767711
"2199",-0.2,-0.87,-2.05
"2200",-0.76,-0.09,-1.98
"2201",-0.23,-0.91,-2.02
"2202",0.239383919219905,-1.55574639290261,-0.423843431271929
"2203",-0.25,-0.83,-2.01
"2204",0.499404412651367,-1.94386126051275,-0.838497996119249
"2205",-0.49,-0.38,-2.02
"2206",0.612475367834441,-1.87375715532672,-1.2499573763241
"2207",-0.3,-0.53,-2
"2208",1.22956337046093,-1.50552443266383,-1.04591552474876
"2209",-0.31,-0.42,-2.12
"2210",-0.241864473564919,-2.0504445243267,-0.69323347387352
"2211",-0.72,-0.22,-2
"2212",-0.57,-0.29,-2.05
"2213",-0.73,-0.3,-2
"2214",-0.38,-0.4,-2.04
"2215",1.48998470435247,-1.65899804791227,-0.581426701572354
"2216",-0.81,-0.22,-2.02
"2217",-0.24,-0.6,-2.04
"2218",0.476669005007259,-1.88104753066348,-0.40266751468776
"2219",-0.36,-0.66,-2
"2220",-0.50351143914057,-1.77461861879448,-0.826340101118307
"2221",0.850099466624374,-1.84678725890032,-1.18324899753849
"2222",-0.12,-0.57,-2.04
"2223",1.19460893555323,-1.83999205764384,-0.562902561146444
"2224",-0.804194320026254,-0.0577692743813358,-1.80604869768717
"2225",-0.14,-0.6,-2.02
"2226",-0.295918316331087,-1.78074026056557,-0.890027073440455
"2227",-0.82,-0.05,-1.89
"2228",-0.64,-0.35,-1.96
"2229",-0.88,-0.2,-1.96
"2230",-0.8,-0.27,-1.9
"2231",-0.52,-0.52,-1.95
"2232",-0.81,-0.37,-1.91
"2233",-0.84,-0.26,-1.96
"2234",-0.7,-0.38,-1.87
"2235",-0.7,-0.51,-1.94
"2236",-0.51,-0.47,-1.97
"2237",-0.47,-0.37,-2
"2238",-0.33,-0.28,-1.59
"2239",-0.17,-0.64,-1.15
"2240",-0.42,-0.12,-2.16
"2241",-0.54,-0.15,-1.42
"2242",-0.5,-0.19,-1.36
"2243",0.43,-1.22,-1.5
"2244",0.07,-0.7,-1.42
"2245",0.74,-1.64,-1.06
"2246",0.27,-0.95,-1.5
"2247",0.84,-1.59,-0.91
"2248",0.2,-1.18,-1.25
"2249",0.76,-2.13,-1.35
"2250",-0.11,-1.22,-1.64
"2251",0.81,-2.05,-1.32
"2252",0.95,-1.99,-1.32
"2253",0.89,-1.99,-1.42
"2254",0.77,-1.95,-1.31
"2255",0.77,-1.95,-1.31
"2256",0.8,-2,-1.45
"2257",0.83849969652711,-1.74458181895635,-1.06815605232763
"2258",0.71918920600085,-1.65527667346729,-1.2068337666184
"2259",1.0190526621449,-2.14090298807428,-1.35836376972542
"2260",0.951911502053478,-1.70667824378594,-0.985366482277155
"2261",0.239494310621167,-1.22648213879274,-1.2549797860539
"2262",0.82,-1.98,-1.5
"2263",-0.352104769104489,-0.384475441883479,-1.80151176583673
"2264",0.846509142049224,-1.68700499137426,-1.02871687962629
"2265",0.0666920521458392,-1.27677212874873,-1.79982862761782
"2266",-0.633257926383183,-0.441741575627575,-1.90998884094408
"2267",0.894522781327968,-1.77551282534099,-1.25139920209679
"2268",0.87,-1.9,-1.43
"2269",1.01,-1.99,-1.3
"2270",0.95,-2,-1.27
"2271",0.77,-2.04,-1.24
"2272",1.02,-1.76,-1.3
"2273",0.57,-1.96,-1.33
"2274",0.14,-1.69,-0.99
"2275",0.61,-1.69,-1.23
"2276",0.21,-1.6,-0.96
"2277",0.53,-1.58,-1.05
"2278",0.51,-1.87,-1.14
"2279",0.29,-1.83,-1.29
"2280",0.76,-1.86,-1.32
"2281",0.87,-1.74,-1.26
"2282",0.76,-1.74,-1.04
"2283",0.9,-1.94,-0.99
"2284",1.15,-1.96,-1.08
"2285",1.16,-1.8,-1.29
"2286",0.97,-1.84,-1.01
"2287",1.04,-1.93,-0.98
"2288",1.11,-1.89,-1.07
"2289",0.99,-1.79,-1.14
"2290",0.95,-1.87,-1.09
"2291",0.94,-1.84,-1.06
"2292",0.9,-1.76,-0.95
"2293",1.1,-1.92,-0.94
"2294",0.62,-1.93,-0.67
"2295",0.56,-2.01,-0.56
"2296",0.84,-2.01,-0.69
"2297",0.53,-1.89,-0.78
"2298",0.62,-1.94,-0.7
"2299",0.35,-1.85,-0.71
"2300",0.51,-1.93,-0.79
"2301",0.22,-2.05,-0.58
"2302",0.44,-2.08,-0.87
"2303",0.38,-1.91,-0.83
"2304",0.64,-1.78,-1.13
"2305",0.51,-1.84,-0.87
"2306",0.59,-1.94,-1.13
"2307",0.2,-1.85,-0.81
"2308",0.23,-1.81,-1.14
"2309",0.65,-1.69,-1.14
"2310",0.87,-1.6,-1.11
"2311",0.67,-1.63,-1
"2312",0.8,-1.69,-1
"2313",0.76,-1.57,-1.1
"2314",0.62,-1.8,-1.03
"2315",0.74,-1.77,-1.02
"2316",0.63,-1.64,-1.01
"2317",-0.15,-1.79,-0.89
"2318",0.77,-1.47,-0.84
"2319",1.02,-1.59,-1.06
"2320",0.84,-1.42,-0.82
"2321",0.71,-1.59,-0.96
"2322",0.83,-1.58,-0.98
"2323",0.83,-1.16,-0.82
"2324",0.68,-1.6,-1.11
"2325",0.5,-1.54,-0.91
"2326",0.88,-1.69,-1.12
"2327",0.48,-1.5,-1.02
"2328",0.8,-1.37,-1.01
"2329",0.71,-1.39,-0.71
"2330",0.4,-1.7,-1.02
"2331",0.08,-2.15,-0.9
"2332",0.45,-1.92,-1.22
"2333",-0.29,-1.95,-0.9
"2334",-0.19,-2.07,-0.78
"2335",-0.24,-1.99,-0.89
"2336",-0.28,-1.99,-0.8
"2337",0.0749833333258073,-1.78430693349933,-0.390870228508921
"2338",-0.49,-1.7,-1
"2339",-0.464288098224207,-1.89594158484289,-0.8213694464707
"2340",-0.46,-1.64,-1.04
"2341",0.644822593333632,-1.71519923005246,-1.24369767826941
"2342",-0.53,-1.67,-0.78
"2343",-0.28,-2.09,-0.66
"2344",-0.38,-1.95,-0.63
"2345",-0.26,-2,-0.8
"2346",-0.33,-1.96,-0.72
"2347",-0.45,-1.99,-0.75
"2348",-0.42,-1.98,-0.8
"2349",-0.43,-1.96,-0.73
"2350",-0.49,-2.01,-0.79
"2351",-0.43,-2.01,-0.81
"2352",0.12,-1.86,-0.88
"2353",-0.3,-1.96,-0.86
"2354",-0.12,-1.89,-0.84
"2355",-0.36,-1.92,-0.86
"2356",-0.23,-1.88,-0.75
"2357",-0.3,-1.88,-0.72
"2358",-0.35,-1.88,-0.8
"2359",-0.31,-1.88,-0.71
"2360",-0.36,-1.88,-0.91
"2361",-0.24,-1.94,-0.82
"2362",-0.31,-1.92,-0.86
"2363",-0.17,-1.88,-0.73
"2364",0.28,-1.79,-0.69
"2365",0.73,-1.8,-0.59
"2366",1.12,-1.83,-0.64
"2367",1.02,-1.71,-0.59
"2368",1.04,-1.28,-0.46
"2369",0.41,-1.62,-0.52
"2370",0.18,-1.64,-0.44
"2371",0.28,-1.67,-0.52
"2372",0.35,-1.68,-0.56
"2373",0.14,-1.71,-0.45
"2374",0.41,-1.75,-0.61
"2375",0.41,-1.83,-0.51
"2376",0.24,-1.82,-0.54
"2377",0.32,-1.79,-0.51
"2378",0.47,-1.77,-0.51
"2379",0.8,-1.57,-0.57
"2380",0.68,-1.32,-0.38
"2381",0.63,-1.19,-0.37
"2382",0.58,-1.2,-0.39
"2383",0.62,-1.63,-0.53
"2384",0.68,-1.72,-0.52
"2385",0.77,-1.51,-0.45
"2386",0.47,-1.65,-0.35
"2387",0.48,-1.99,-0.41
"2388",0.63,-2.1,-0.51
"2389",0.86,-2.03,-0.56
"2390",0.95,-1.97,-0.49
"2391",0.94,-1.92,-0.5
"2392",0.74,-1.92,-0.49
"2393",0.52,-1.76,-0.48
"2394",0.25,-1.76,-0.3
"2395",0.29,-1.88,-0.32
"2396",0.79,-2.05,-0.39
"2397",1.16,-1.99,-0.49
"2398",1.15,-1.98,-0.47
"2399",1.15,-1.89,-0.51
"2400",1.04,-1.95,-0.5
"2401",1.12,-1.84,-0.46
"2402",0.86,-1.78,-0.56
"2403",0.39,-1.66,-0.71
"2404",0.12,-1.66,-0.84
"2405",0.35,-1.68,-0.69
"2406",0.05,-1.47,-0.69
"2407",0.22,-1.22,-0.56
"2408",0.25,-0.98,-0.47
"2409",0.26,-1.64,-0.6
"2410",0.28,-1.72,-0.56
"2411",0.43,-1.74,-0.43
"2412",0.44,-1.7,-0.48
"2413",0.53,-1.72,-0.27
"2414",0.85,-1.55,-0.18
"2415",0.89,-1.46,-0.49
"2416",0.47,-1.75,-0.49
"2417",0.36,-1.86,-0.58
"2418",0.17,-1.83,-0.49
"2419",0.43,-1.69,-0.48
"2420",0.04,-1.71,-1.04
"2421",-0.05,-1.81,-0.67
"2422",-0.03,-1.57,-0.84
"2423",0.08,-1.65,-0.77
"2424",-0.11,-1.65,-0.88
"2425",-0.16,-1.72,-0.71
"2426",-0.25,-1.92,-0.46
"2427",-0.11,-1.87,-0.7
"2428",-0.16,-1.78,-0.65
"2429",-0.13,-1.57,-0.88
"2430",-0.26,-1.66,-0.79
"2431",-0.38,-1.77,-0.55
"2432",-0.34,-1.54,-0.71
"2433",-0.27,-1.43,-0.9
"2434",-0.27,-1.64,-0.75
"2435",-0.32,-1.66,-0.67
"2436",-0.31,-1.61,-0.7
"2437",-0.29,-1.49,-0.84
"2438",-0.29,-1.49,-0.84
"2439",-0.41,-1.45,-0.92
"2440",-0.24,-1.53,-0.85
"2441",0.528514361384536,1.56920950436846,-0.331110156111707
"2442",-0.41,-1.43,-0.87
"2443",-0.7,-1.24,-1.09
"2444",-0.96,-1.26,-1.3
"2445",-1.13,-0.81,-1.26
"2446",-1.35,-0.22,-1.09
"2447",0.54389178694906,0.275396796035335,-0.378751701792548
"2448",-0.62,-0.6,-1.42
"2449",-0.24,-0.36,-1.1
"2450",0.09,-0.03,-0.44
"2451",0.21,-0.05,-0.7
"2452",0.4,0.02,-0.54
"2453",0.41,0.07,-0.15
"2454",0.74,-0.2,-0.24
"2455",0.64,-0.21,-0.31
"2456",0.37,-0.03,-0.54
"2457",0.8,-0.33,-0.42
"2458",0.42,-0.11,-0.59
"2459",0.16,-0.14,-0.74
"2460",0.09,0.01,-0.55
"2461",0.43,0.05,-0.42
"2462",0.08,-0.19,-0.55
"2463",-0.13,-0.54,-1.13
"2464",-0.32,-0.32,-0.85
"2465",-0.2,-0.36,-0.73
"2466",0.17,0.55,-0.37
"2467",0.33,0.44,-0.17
"2468",0.19,-0.6,-0.26
"2469",-0.4,0.87,-0.99
"2470",-0.31,0.35,-0.73
"2471",-0.15,1.17,-0.75
"2472",0.05,1.82,-0.71
"2473",-0.15,1.28,-1
"2474",-0.17,1.1,-0.85
"2475",-0.15,1.48,-0.87
"2476",0,0.16,-0.78
"2477",-0.05,2.33,-0.75
"2478",-0.11,1.87,-0.66
"2479",-0.17,0.96,-0.81
"2480",0.03,1.6,-0.84
"2481",0.07,1.52,-0.72
"2482",0.01,1.03,-0.7
"2483",0.24,1.17,-0.62
"2484",0.4,2.23,-0.26
"2485",0.37,1.4,-0.49
"2486",0.3,1.57,-0.67
"2487",0.35,1.59,-0.41
"2488",0.73,0.57,-0.26
"2489",1.74,0.69,1.2
"2490",0.78,0.1,-0.07
"2491",1.03,-0.13,-0.02
"2492",1.3,0.79,0.46
"2493",1.01,0.17,0
"2494",0.81,0.8,-0.36
"2495",0.92,0.66,0.04
"2496",0.85,-0.12,0.14
"2497",1.58,-0.19,0.94
"2498",0.97,-0.19,-0.17
"2499",-0.559909049672016,-1.67131714479372,-0.875255402428386
"2500",0.05,0.4,-1.25
"2501",0.37,-1.1,-1.08
"2502",0.3,0.1,-0.9
"2503",0.53,-1.15,-0.94
"2504",1.09,-0.2,-0.03
"2505",1.62,0.07,0.69
"2506",1.19,0.27,0.22
"2507",2.36,0.17,1.71
"2508",1.84,0.18,0.81
"2509",2.61,0.14,1.72
"2510",1.63,0.54,0.9
"2511",2.19,-0.48,1.47
"2512",2.46,-0.47,1.71
"2513",1.52,-0.16,0.34
"2514",2.58,-0.97,1.76
"2515",0.99,-0.15,0.1
"2516",2.12,-0.87,1.09
"2517",2.03,-0.69,1.08
"2518",1.26,-0.51,0.49
"2519",1.71,-0.66,0.85
"2520",1.27,-0.56,0.51
"2521",0,0.07,-0.61
"2522",1.3,-0.5,0.41
"2523",2.19,-0.81,1.18
"2524",2.6,-0.98,1.62
"2525",1.04,-0.32,-0.14
"2526",2.36,-0.95,1.46
"2527",1.37,-0.46,0.39
"2528",1.83,-0.73,0.92
"2529",2.51,-1.24,1.74
"2530",1.34,-0.59,0.54
"2531",2.54,-1.26,1.8
"2532",2.6,-1.21,1.86
"2533",2.6,-1.26,1.94
"2534",1.94,-0.96,1.04
"2535",1.4,-0.68,0.54
"2536",1.59,-0.77,0.52
"2537",2.51,-1.34,1.86
"2538",1.76,0.51,2.07
"2539",1.81,0.31,2.06
"2540",1.26,0.2,1.65
"2541",1.06,0.34,2.24
"2542",1.74,0.27,1.88
"2543",2.38,-1,1.83
"2544",2.22,-0.46,2.3
"2545",1.73,0.64,2.3
"2546",2.33,-0.05,2.4
"2547",2.28,0.1,2.3
"2548",1.62,0.23,1.47
"2549",1.93,-0.05,1.84
"2550",1.92,0.18,1.96
"2551",2.13,0.03,1.91
"2552",0.86,1.86,1.29
"2553",2.25,-0.06,1.77
"2554",0.64,1.69,0.45
"2555",1.43,-0.76,0.71
"2556",1.09,-0.16,0.61
"2557",1.2,0.24,0.59
"2558",2.29,-0.2,1.86
"2559",1.45,1.28,1.5
"2560",2.6,0.54,2.45
"2561",1.18,1.84,1.28
"2562",2.32,0.97,2.28
"2563",1.14,1.36,1.1
"2564",2.68,0.34,2.35
"2565",1.97,1.39,1.97
"2566",2.12,-0.34,1.97
"2567",2.2,-0.56,1.91
"2568",1.97,-0.26,1.91
"2569",1.96,0.06,2.04
"2570",1.83,-0.5,1.89
"2571",1.97,-0.51,1.75
"2572",1.69,-1.34,1.34
"2573",1.73,-1.4,1.37
"2574",1.74261996557042,-0.601793557752041,0.690790384973701
"2575",1.97,-0.81,1.49
"2576",1.87,-0.8,1.55
"2577",2,-1.68,1.66
"2578",1.99,-1.52,1.42
"2579",2.18,-1.71,1.27
"2580",1.68,-0.72,1.68
"2581",1.67,-0.12,1.8
"2582",1.89,-1.14,1.61
"2583",1.48,0.78,1.81
"2584",1.83,-1.32,1.26
"2585",1.83,-1.16,1.99
"2586",0.76,-0.32,2.01
"2587",1.55,-0.12,1.47
"2588",1.7,-0.1,1.45
"2589",0.67,0.6,2.56
"2590",1.06,-0.63,2.64
"2591",0.99,0.04,2.74
"2592",0.98,1.27,1.91
"2593",1.55,0.18,2.09
"2594",0.88,0.24,2.76
"2595",1.12,-0.71,2.41
"2596",1.15,-0.75,2.12
"2597",1.97,-0.07,2.2
"2598",1.64,0.14,2.74
"2599",1.39,-0.45,3.1
"2600",1.53,-0.38,3
"2601",1.58,-1.05,2.98
"2602",0.7,-0.96,3.4
"2603",0.7,-0.95,3.37
"2604",0.88,-0.86,3.32
"2605",0.85,-0.73,3.17
"2606",0.73,-0.85,3.44
"2607",0.83,-0.64,3.45
"2608",0.82,-0.41,3.22
"2609",0.89,-0.45,3.17
"2610",0.71,-0.78,3.22
"2611",-0.06,-2.31,3.68
"2612",-0.25,-2.31,3.65
"2613",-0.92,-2.39,3.45
"2614",-0.86,-2.48,3.3
"2615",-1,-2.59,3.19
"2616",-0.75,-2.53,3.34
"2617",0.95,-1.88,3.86
"2618",1.24,-1.79,3.8
"2619",1.27,-1.92,3.74
"2620",1.84,-1.16,2.89
"2621",1.24,-1.67,3.84
"2622",1.16,-1.4,3.56
"2623",0.93,-1.96,3.79
"2624",0.84,-2.06,3.75
"2625",0.96,-1.79,3.94
"2626",0.92,-1.81,3.95
"2627",1.18,-1.65,3.67
"2628",1.28,-1.5,3.54
"2629",0.89,-1.49,4.12
"2630",0.84,-1.18,4.23
"2631",0.9,-1.29,4.23
"2632",0.99,-1.73,4.31
"2633",1.03,-2.05,4.21
"2634",1.72,-1.57,2.84
"2635",0.43,-3.13,3.18
"2636",0.61,-2.87,3.42
"2637",1.27,-2.09,2.9
"2638",0.33,-3.37,3.39
"2639",0.32,-3.35,3.45
"2640",0.32,-3.35,3.45
"2641",0.61,-3.07,3.67
"2642",0.6,-3.12,3.68
"2643",1.09130637410729,-4.3512869864943,-0.225743068015711
"2644",0.54,-3.01,3.79
"2645",-1.29056591353884,-3.78673026528277,-1.55034748129374
"2646",1.27258803450335,-4.91186500017945,-0.188796353011278
"2647",0.42,-3.03,3.76
"2648",-1.21895275533415,-3.887402831999,-0.801227925513037
"2649",0.29,-3.01,3.81
"2650",0.0802714662196165,-4.0058098252553,0.823617800882835
"2651",1.00119094284886,-4.03930157197694,0.763117542765682
"2652",0.21,-3.04,3.86
"2653",-0.291420486731898,-2.57949699663199,3.50229817049123
"2654",0.18,-3.05,3.85
"2655",0.18,-3.05,3.85
"2656",0.179774009154596,-3.84063895520867,3.91664049952032
"2657",0.36,-3.15,3.95
"2658",-2.27797661289492,-2.80230520888697,-2.23717849110477
"2659",0.673339449283663,-1.23581539485984,4.08411030890179
"2660",0.38,-3.05,4.31
"2661",1.67115007581947,-1.3669228832449,3.16473530957207
"2662",0.520408618785918,-3.13123702227413,3.77871766478202
"2663",0.29,-2.98,4.35
"2664",1.53474590672305,-4.03328944983364,1.05581239373767
"2665",2.20214372302695,-5.19080871281017,-0.746976991434208
"2666",0.23,-3.19,4.07
"2667",0.192918396719382,-2.96019998255907,3.61121333098376
"2668",-2.18763632179201,-2.99508562921346,-2.11501195033244
"2669",0.22,-3.16,3.98
"2670",1.50024102587463,0.29864668326869,2.96277181466997
"2671",-2.11930035373015,-4.38186909268724,-0.560072551697113
"2672",0.2,-3.23,3.96
"2673",2.68,-0.01,2.47
"2674",-2.60543732756312,-2.55575185451333,-2.3337816477089
"2675",2.96,-0.6,2.1
"2676",0.54,-2.88,3.7
"2677",0.142534503136037,-4.10700980167663,0.332567489934064
"2678",0.78972553119356,-0.741826012385724,3.81259617546568
"2679",0,-3.41,4.03
"2680",0.34,-3.93,3.59
"2681",-0.77,-2.86,3.63
"2682",-1.37,-1.95,4.3
"2683",-0.75,-2.5,4.06
"2684",2.12,-4.47,0.12
"2685",1.22,-4.55,-0.51
"2686",1.29,-4.56,0.14
"2687",0.55,-4.52,0.04
"2688",0.78,-4.59,0.15
"2689",0.82,-4.53,0.29
"2690",0.86,-4.29,0.42
"2691",0.5,-4.19,0.23
"2692",0.47,-4.28,0.06
"2693",0.49,-4.45,-0.72
"2694",0.29,-4.27,-0.89
"2695",-0.19,-4.15,0.17
"2696",-0.13,-3.96,0.58
"2697",0.2,-4.04,0.38
"2698",0.14,-3.41,1.41
"2699",-0.42,-3.34,1.63
"2700",-0.6,-3.89,1.02
"2701",-1.21,-4.02,0.34
"2702",-0.56,-4.09,0.56
"2703",0.38,-3.48,0.85
"2704",-0.77,-4.17,0.37
"2705",-0.73,-4.24,0.1
"2706",-0.76,-4.23,-0.02
"2707",-0.81,-4.31,-0.03
"2708",-0.74,-4.29,-0.48
"2709",-1.02,-4.44,-0.19
"2710",-0.97,-4.4,-0.64
"2711",-1.62,-3.75,-1.43
"2712",-1.16,-4.25,-0.76
"2713",-1.78,-3.04,-2
"2714",-1.08,-4.03,-0.98
"2715",-1.73,-3.37,-1.44
"2716",-1.17,-4.16,-1
"2717",-0.83,-4.43,-0.87
"2718",-0.85,-4.41,-1.18
"2719",-1.13,-3.87,-1.18
"2720",-1.45,-3.97,-1.49
"2721",-1.17,-4.08,-1.27
"2722",-1.17,-4.08,-1.27
"2723",-1.37,-4.09,-1.68
"2724",-1.19,-4.15,-1.6
"2725",-1.35,-4,-1.8
"2726",-1.15,-4.02,-1.79
"2727",-1.96,-3.25,-1.97
"2728",-2.19,-3.17,-2.02
"2729",-1.8,-3.31,-2.21
"2730",-2.81,-1.38,-2.85
"2731",-3.17,-1.11,-2.71
"2732",-2.83,-2.23,-2.29
"2733",-2.72,-2.21,-2.48
"2734",-2.48,-2.61,-2.53
"2735",-2.7,-2.17,-3.05
"2736",-2.61,-2.35,-2.93
"2737",-2.76,-1.93,-3.22
"2738",-2.74,-2.19,-2.72
"2739",-2.65,-2.64,-2
"2740",-2.52,-2.71,-2.03
"2741",-2.49,-2.9,-2
"2742",-2.24,-2.95,-2.12
"2743",-2.31,-2.97,-2.18
"2744",0.21477725352602,-4.32995518601234,-0.91389277530674
"2745",-2.08,-3.03,-2.32
"2746",-2.12,-3.02,-2.27
"2747",-2.22,-2.87,-2.26
"2748",-2.27,-2.93,-2.2
"2749",-2.27,-2.93,-2.2
"2750",-2.19,-2.98,-2.23
"2751",-2.1,-3.02,-2.24
"2752",-2.15,-2.97,-2.2
"2753",-2.15,-3.05,-2.07
"2754",-2.15,-3.05,-2.07
"2755",-2.12,-3.04,-2.12
"2756",-2.31,-2.9,-2.23
"2757",-2.38393123996564,-2.91769060375018,-2.17434656844878
"2758",-2.16,-2.91,-2.34
"2759",-1.93,-2.96,-2.45
"2760",-2.31251109613516,-2.67168106178113,-2.69909032391513
"2761",-1.87,-2.99,-2.51
"2762",0.25,-4.14,-0.03
"2763",-0.18,-3.84,-0.4
"2764",0.34,-4.06,0.28
"2765",0,-4,-0.84
"2766",0.55,-4.38,-0.28
"2767",0.49,-4.23,0.11
"2768",0.32,-4.33,-0.13
"2769",-0.43,-3.93,-0.49
"2770",-0.32,-4.25,0.47
"2771",-0.6,-3.79,-0.42
"2772",-0.57,-3.81,-0.67
"2773",-1.29,-3.33,-1
"2774",0.1,-3.96,-0.65
"2775",0.08,-3.78,-0.46
"2776",-0.33,-3.15,-1.01
"2777",-0.71,-2.81,-1.24
"2778",-0.47,-3.27,-1.01
"2779",0.07,-3.65,-0.89
"2780",0.35,-3.95,-0.33
"2781",0.65,-4.17,0.69
"2782",-0.44,-3.29,-0.61
"2783",-1.13,-3.27,-0.92
"2784",0.57,-4.24,0.49
"2785",1.29,-4.08,0.91
"2786",1.14,-4.12,0.85
"2787",1.45,-3.93,0.79
"2788",1.89,-3.76,0.8
"2789",2.41,-3.54,0.44
"2790",2,-3.78,0.36
"2791",1.29,-4.06,0.42
"2792",1.11,-4.07,0.56
"2793",1.29,-4.12,0.39
"2794",1.2,-4.09,0.56
"2795",0.96,-4.16,0.57
"2796",1.03,-4.13,0.84
"2797",1,-4.05,1
"2798",0.99,-4.07,0.52
"2799",0.99,-4.08,0.56
"2800",1.23,-4.05,0.73
"2801",1.23,-4.11,0.75
"2802",1.67,-3.72,0.96
"2803",1.67,-3.69,0.93
"2804",1.78,-3.55,1.2
"2805",1.86,-3.81,1.12
"2806",1.98,-4.07,1.2
"2807",2.12,-4.05,1.17
"2808",2.05,-3.94,1.34
"2809",2,-4.03,1.49
"2810",1.95,-4.29,1.77
"2811",1.86,-4.5,1.59
"2812",1.77,-4.41,1.76
"2813",1.68,-4.49,1.61
"2814",1.35,-4.5,1.35
"2815",1.18,-4.57,1.04
"2816",1.36,-4.55,1.24
"2817",1.61,-4.46,1.4
"2818",1.47,-4.47,1.58
"2819",1.53,-4.27,1.44
"2820",1.93,-3.86,1.85
"2821",1.58,-3.91,1.67
"2822",1.49,-3.98,1.58
"2823",1.55,-4.04,2.19
"2824",1.63,-4.31,2.04
"2825",1.3,-4.44,1.72
"2826",1.5,-4.33,1.3
"2827",1.78,-4.21,1.14
"2828",1.65,-4.16,1.19
"2829",1.65,-4.26,1.43
"2830",1.73,-4.19,1.62
"2831",1.53,-3.86,1.26
"2832",1.18,-3.57,0.12
"2833",1.19,-3.7,-0.09
"2834",0.91,-3.75,-0.3
"2835",1.29,-3.53,0.3
"2836",1.24,-3.56,0.62
"2837",1.19,-3.57,0.5
"2838",1.23,-3.59,0.6
"2839",1.35,-3.54,0.58
"2840",1.25,-3.42,0.6
"2841",1.16,-3.28,0.48
"2842",1.17,-3.31,0.47
"2843",1.12,-3.21,0.49
"2844",1.05,-3.12,0.25
"2845",1.16,-3.18,0.46
"2846",1.19,-3.2,0.51
"2847",1.17,-3.36,0.52
"2848",1.31,-3.3,0.66
"2849",1.33,-3.24,0.77
"2850",1.38,-3.39,0.72
"2851",1.5,-3.33,1.06
"2852",1.64,-3.08,1.42
"2853",1.7,-3.18,1.35
"2854",1.63,-2.6,1.24
"2855",1.55,-2.13,1.29
"2856",1.63,-2.26,1.32
"2857",1.63,-2.27,1.33
"2858",1.59,-2.13,1.34
"2859",1.57,-1.52,1.36
"2860",1.71,-2.11,1.65
"2861",1.67,-2,1.65
"2862",1.69,-1.78,1.54
"2863",1.64,-0.96,1.09
"2864",1.68,-1.36,1.2
"2865",1.74,-1.09,1.04
"2866",1.69,-1.73,1.4
"2867",1.75,-2.24,1.5
"2868",1.81,-2.1,1.51
"2869",1.71,-2.01,1.57
"2870",1.49,-0.72,1.08
"2871",1.5,-1.13,1.06
"2872",1.3,-0.89,1.21
"2873",1.14,0.64,0.08
"2874",1.41,-1.15,1.4
"2875",1.13,0.5,0.27
"2876",1.36,-1.15,1.5
"2877",1.32,-1.11,1.55
"2878",1.49,-0.93,1.6
"2879",1.41,-0.44,1.4
"2880",1.43,-1.18,1.57
"2881",1.4,-0.59,1.32
"2882",1.48,-1.49,1.71
"2883",1.5,-1.59,1.62
"2884",1.53,-1.36,1.37
"2885",1.55,-1.32,1.42
"2886",1.6,-1.72,1.61
"2887",1.41,-1.48,1.57
"2888",1.4,-1.93,1.71
"2889",1.54,-2,1.58
"2890",1.78,-2.02,1.75
"2891",1.71,-2.16,1.79
"2892",1.62,-1.73,1.34
"2893",1.4,-1.55,1.4
"2894",1.37,-1.44,1.18
"2895",1.59,-1.61,0.83
"2896",1.48,-1.26,0.79
"2897",1.54,-2.1,1.24
"2898",0.98,0.49,0.45
"2899",1.12,0.37,0.75
"2900",1.24,-0.02,0.79
"2901",1.3,0.05,0.77
"2902",1.4,-0.05,0.86
"2903",1.4,-0.25,0.88
"2904",1.36,-0.25,0.93
"2905",1.34,-0.51,1.37
"2906",1.41,-0.39,1.42
"2907",1.31,0.08,0.84
"2908",1.35,-0.3,0.93
"2909",1.41,-0.27,0.9
"2910",1.56,0.43,-0.48
"2911",1.4,-0.16,0.72
"2912",1.31,-0.09,0.83
"2913",1.44,-0.21,0.63
"2914",1.48,-0.07,0.84
"2915",1.51,-0.13,0.75
"2916",1.39,-0.22,0.85
"2917",1.41,-0.32,1.08
"2918",1.43,-0.38,1.13
"2919",1.49,0.28,-0.22
"2920",1.45,-0.51,1.11
"2921",1.41,0.06,1.01
"2922",1.47,-0.48,0.96
"2923",1.51,-0.69,1
"2924",1.5,-0.45,0.91
"2925",1.54,-0.69,1.04
"2926",1.5,-0.37,0.85
"2927",1.33,-0.35,1.05
"2928",1.34,-0.04,0.66
"2929",-0.07,-0.24,0.82
"2930",1.34,-0.64,0.92
"2931",-0.05,-0.63,0.7
"2932",-0.94,-0.45,0.6
"2933",1.17,0.39,0.98
"2934",-0.01,-0.49,0.49
"2935",0.07,0.44,0.76
"2936",-0.05,-0.12,0.95
"2937",-2.16,-0.81,1.13
"2938",-0.93,-0.68,1.27
"2939",-1.18,-0.44,0.3
"2940",-2.89,-0.94,-0.04
"2941",-2.1,-0.46,0.42
"2942",0.48,-0.2,0.54
"2943",0.82,0.47,1.07
"2944",0.4,0.29,0.5
"2945",0.17,-0.03,0.67
"2946",0.02,0.22,1.16
"2947",-0.29,0.02,0.83
"2948",0.9,0.54,1.16
"2949",-0.09,0.32,0.79
"2950",0.9,0.87,0.64
"2951",1.53,1.2,-0.72
"2952",0.72,0.94,-0.71
"2953",1.02,0.88,0.27
"2954",1.23,1.31,0.89
"2955",1,1,0.67
"2956",1.31,1.15,0.64
"2957",1.61,1.21,-0.48
"2958",1.34,1,-0.22
"2959",1.47,1.14,-0.14
"2960",1.17,1.12,0.68
"2961",1.75,1.26,-0.11
"2962",1.27,1.26,-0.21
"2963",1.11,1.25,-0.45
"2964",1.08,1.93,-0.37
"2965",0.24,1.15,0.28
"2966",0.8,1.12,-0.16
"2967",1.07,1.23,-0.02
"2968",1.8,1.38,-0.31
"2969",0.01,0.12,1.28
"2970",-2.21,-0.52,0.35
"2971",-0.84,-0.13,0.65
"2972",-2.16,-0.45,0.35
"2973",1.56,-0.13,0.65
"2974",-1.62,-0.37,0.36
"2975",-2.33,0.03,0.22
"2976",-0.02,-0.01,0.4
"2977",-1.64,0.19,0.21
"2978",-2.04,0.57,0.31
"2979",-1.42,0.25,0.26
"2980",0.89,-0.12,0.53
"2981",-2.03,0.69,0.27
"2982",-1.41,1.2,1.34
"2983",-0.52,0.06,0.41
"2984",-0.11,0.32,0.53
"2985",-1.83,0.83,0.57
"2986",0.74,0.06,1.21
"2987",-2.03,0.87,0.41
"2988",-0.2,0.49,0.38
"2989",-2.01,0.86,0.29
"2990",-0.02,-0.46,0.96
"2991",-1.66,0.25,1.5
"2992",-0.16,0.12,1.23
"2993",-0.21,0.2,1.06
"2994",0.3,0.01,0.82
"2995",-1.6,0.22,1.53
"2996",0.86,-0.15,0.67
"2997",0.29,-0.01,0.93
"2998",0.36,-0.06,0.98
"2999",0.71,-0.3,0.44
"3000",0.84,-0.2,0.48
